analysis,target,domain_variant,control_variant,generic_seed,generic_d_n,generic_metric,generic_source_file,pool_target,eval_target,fold_seed,supervised_seed,supervised_d_n,supervised_metric,supervised_source_file,n_items,observed_generic_rho,observed_supervised_rho,observed_diff
domain_contrast,Aesthetic_Appeal,accessible,matchedctrl,17,32,v_struct,vscore_distilgpt2_gutenberg_accessible_v0_matchedctrl_seed17_dn32.csv,Aesthetic_Appeal,Aesthetic_Appeal,101,17,8,v_pref_struct,vscore_distilgpt2_kfold_surface_poolAesthetic_Appeal_evalAesthetic_Appeal_foldseed101_seed17_dn8.csv,36,-0.06655081542609209,0.5121967013160937,0.5787475167421858
domain_contrast,Aesthetic_Appeal,accessible,matchedctrl,17,32,v_struct,vscore_distilgpt2_gutenberg_accessible_v0_matchedctrl_seed17_dn32.csv,Aesthetic_Appeal,Aesthetic_Appeal,101,18,8,v_pref_struct,vscore_distilgpt2_kfold_surface_poolAesthetic_Appeal_evalAesthetic_Appeal_foldseed101_seed18_dn8.csv,36,-0.06655081542609209,0.516573350686475,0.5831241661125671
domain_contrast,Aesthetic_Appeal,accessible,matchedctrl,17,32,v_struct,vscore_distilgpt2_gutenberg_accessible_v0_matchedctrl_seed17_dn32.csv,Aesthetic_Appeal,Aesthetic_Appeal,101,19,8,v_pref_struct,vscore_distilgpt2_kfold_surface_poolAesthetic_Appeal_evalAesthetic_Appeal_foldseed101_seed19_dn8.csv,36,-0.06655081542609209,0.5170882506124023,0.5836390660384944
domain_contrast,Aesthetic_Appeal,accessible,matchedctrl,17,32,v_struct,vscore_distilgpt2_gutenberg_accessible_v0_matchedctrl_seed17_dn32.csv,Aesthetic_Appeal,Aesthetic_Appeal,123,17,8,v_pref_struct,vscore_distilgpt2_kfold_surface_poolAesthetic_Appeal_evalAesthetic_Appeal_foldseed123_seed17_dn8.csv,36,-0.06655081542609209,0.4146231653528871,0.4811739807789792
domain_contrast,Aesthetic_Appeal,accessible,matchedctrl,17,32,v_struct,vscore_distilgpt2_gutenberg_accessible_v0_matchedctrl_seed17_dn32.csv,Aesthetic_Appeal,Aesthetic_Appeal,123,18,8,v_pref_struct,vscore_distilgpt2_kfold_surface_poolAesthetic_Appeal_evalAesthetic_Appeal_foldseed123_seed18_dn8.csv,36,-0.06655081542609209,0.5842826909459033,0.6508335063719954
domain_contrast,Aesthetic_Appeal,accessible,matchedctrl,17,32,v_struct,vscore_distilgpt2_gutenberg_accessible_v0_matchedctrl_seed17_dn32.csv,Aesthetic_Appeal,Aesthetic_Appeal,123,19,8,v_pref_struct,vscore_distilgpt2_kfold_surface_poolAesthetic_Appeal_evalAesthetic_Appeal_foldseed123_seed19_dn8.csv,36,-0.06655081542609209,0.46250885846411777,0.5290596738902098
domain_contrast,Aesthetic_Appeal,accessible,matchedctrl,17,32,v_struct,vscore_distilgpt2_gutenberg_accessible_v0_matchedctrl_seed17_dn32.csv,Aesthetic_Appeal,Aesthetic_Appeal,202,17,8,v_pref_struct,vscore_distilgpt2_kfold_surface_poolAesthetic_Appeal_evalAesthetic_Appeal_foldseed202_seed17_dn8.csv,36,-0.06655081542609209,0.35566712383422133,0.4222179392603134
domain_contrast,Aesthetic_Appeal,accessible,matchedctrl,17,32,v_struct,vscore_distilgpt2_gutenberg_accessible_v0_matchedctrl_seed17_dn32.csv,Aesthetic_Appeal,Aesthetic_Appeal,202,18,8,v_pref_struct,vscore_distilgpt2_kfold_surface_poolAesthetic_Appeal_evalAesthetic_Appeal_foldseed202_seed18_dn8.csv,36,-0.06655081542609209,0.4014932172417432,0.4680440326678353
domain_contrast,Aesthetic_Appeal,accessible,matchedctrl,17,32,v_struct,vscore_distilgpt2_gutenberg_accessible_v0_matchedctrl_seed17_dn32.csv,Aesthetic_Appeal,Aesthetic_Appeal,202,19,8,v_pref_struct,vscore_distilgpt2_kfold_surface_poolAesthetic_Appeal_evalAesthetic_Appeal_foldseed202_seed19_dn8.csv,36,-0.06655081542609209,0.513998851056839,0.580549666482931
domain_contrast,Aesthetic_Appeal,accessible,matchedctrl,18,32,v_struct,vscore_distilgpt2_gutenberg_accessible_v0_matchedctrl_seed18_dn32.csv,Aesthetic_Appeal,Aesthetic_Appeal,101,17,8,v_pref_struct,vscore_distilgpt2_kfold_surface_poolAesthetic_Appeal_evalAesthetic_Appeal_foldseed101_seed17_dn8.csv,36,-0.08676063751873514,0.5121967013160937,0.5989573388348288
domain_contrast,Aesthetic_Appeal,accessible,matchedctrl,18,32,v_struct,vscore_distilgpt2_gutenberg_accessible_v0_matchedctrl_seed18_dn32.csv,Aesthetic_Appeal,Aesthetic_Appeal,101,18,8,v_pref_struct,vscore_distilgpt2_kfold_surface_poolAesthetic_Appeal_evalAesthetic_Appeal_foldseed101_seed18_dn8.csv,36,-0.08676063751873514,0.516573350686475,0.6033339882052102
domain_contrast,Aesthetic_Appeal,accessible,matchedctrl,18,32,v_struct,vscore_distilgpt2_gutenberg_accessible_v0_matchedctrl_seed18_dn32.csv,Aesthetic_Appeal,Aesthetic_Appeal,101,19,8,v_pref_struct,vscore_distilgpt2_kfold_surface_poolAesthetic_Appeal_evalAesthetic_Appeal_foldseed101_seed19_dn8.csv,36,-0.08676063751873514,0.5170882506124023,0.6038488881311375
domain_contrast,Aesthetic_Appeal,accessible,matchedctrl,18,32,v_struct,vscore_distilgpt2_gutenberg_accessible_v0_matchedctrl_seed18_dn32.csv,Aesthetic_Appeal,Aesthetic_Appeal,123,17,8,v_pref_struct,vscore_distilgpt2_kfold_surface_poolAesthetic_Appeal_evalAesthetic_Appeal_foldseed123_seed17_dn8.csv,36,-0.08676063751873514,0.4146231653528871,0.5013838028716222
domain_contrast,Aesthetic_Appeal,accessible,matchedctrl,18,32,v_struct,vscore_distilgpt2_gutenberg_accessible_v0_matchedctrl_seed18_dn32.csv,Aesthetic_Appeal,Aesthetic_Appeal,123,18,8,v_pref_struct,vscore_distilgpt2_kfold_surface_poolAesthetic_Appeal_evalAesthetic_Appeal_foldseed123_seed18_dn8.csv,36,-0.08676063751873514,0.5842826909459033,0.6710433284646384
domain_contrast,Aesthetic_Appeal,accessible,matchedctrl,18,32,v_struct,vscore_distilgpt2_gutenberg_accessible_v0_matchedctrl_seed18_dn32.csv,Aesthetic_Appeal,Aesthetic_Appeal,123,19,8,v_pref_struct,vscore_distilgpt2_kfold_surface_poolAesthetic_Appeal_evalAesthetic_Appeal_foldseed123_seed19_dn8.csv,36,-0.08676063751873514,0.46250885846411777,0.5492694959828529
domain_contrast,Aesthetic_Appeal,accessible,matchedctrl,18,32,v_struct,vscore_distilgpt2_gutenberg_accessible_v0_matchedctrl_seed18_dn32.csv,Aesthetic_Appeal,Aesthetic_Appeal,202,17,8,v_pref_struct,vscore_distilgpt2_kfold_surface_poolAesthetic_Appeal_evalAesthetic_Appeal_foldseed202_seed17_dn8.csv,36,-0.08676063751873514,0.35566712383422133,0.4424277613529565
domain_contrast,Aesthetic_Appeal,accessible,matchedctrl,18,32,v_struct,vscore_distilgpt2_gutenberg_accessible_v0_matchedctrl_seed18_dn32.csv,Aesthetic_Appeal,Aesthetic_Appeal,202,18,8,v_pref_struct,vscore_distilgpt2_kfold_surface_poolAesthetic_Appeal_evalAesthetic_Appeal_foldseed202_seed18_dn8.csv,36,-0.08676063751873514,0.4014932172417432,0.48825385476047833
domain_contrast,Aesthetic_Appeal,accessible,matchedctrl,18,32,v_struct,vscore_distilgpt2_gutenberg_accessible_v0_matchedctrl_seed18_dn32.csv,Aesthetic_Appeal,Aesthetic_Appeal,202,19,8,v_pref_struct,vscore_distilgpt2_kfold_surface_poolAesthetic_Appeal_evalAesthetic_Appeal_foldseed202_seed19_dn8.csv,36,-0.08676063751873514,0.513998851056839,0.600759488575574
domain_contrast,Aesthetic_Appeal,accessible,matchedctrl,19,32,v_struct,vscore_distilgpt2_gutenberg_accessible_v0_matchedctrl_seed19_dn32.csv,Aesthetic_Appeal,Aesthetic_Appeal,101,17,8,v_pref_struct,vscore_distilgpt2_kfold_surface_poolAesthetic_Appeal_evalAesthetic_Appeal_foldseed101_seed17_dn8.csv,36,-0.062431616018674405,0.5121967013160937,0.5746283173347682
domain_contrast,Aesthetic_Appeal,accessible,matchedctrl,19,32,v_struct,vscore_distilgpt2_gutenberg_accessible_v0_matchedctrl_seed19_dn32.csv,Aesthetic_Appeal,Aesthetic_Appeal,101,18,8,v_pref_struct,vscore_distilgpt2_kfold_surface_poolAesthetic_Appeal_evalAesthetic_Appeal_foldseed101_seed18_dn8.csv,36,-0.062431616018674405,0.516573350686475,0.5790049667051494
domain_contrast,Aesthetic_Appeal,accessible,matchedctrl,19,32,v_struct,vscore_distilgpt2_gutenberg_accessible_v0_matchedctrl_seed19_dn32.csv,Aesthetic_Appeal,Aesthetic_Appeal,101,19,8,v_pref_struct,vscore_distilgpt2_kfold_surface_poolAesthetic_Appeal_evalAesthetic_Appeal_foldseed101_seed19_dn8.csv,36,-0.062431616018674405,0.5170882506124023,0.5795198666310767
domain_contrast,Aesthetic_Appeal,accessible,matchedctrl,19,32,v_struct,vscore_distilgpt2_gutenberg_accessible_v0_matchedctrl_seed19_dn32.csv,Aesthetic_Appeal,Aesthetic_Appeal,123,17,8,v_pref_struct,vscore_distilgpt2_kfold_surface_poolAesthetic_Appeal_evalAesthetic_Appeal_foldseed123_seed17_dn8.csv,36,-0.062431616018674405,0.4146231653528871,0.47705478137156154
domain_contrast,Aesthetic_Appeal,accessible,matchedctrl,19,32,v_struct,vscore_distilgpt2_gutenberg_accessible_v0_matchedctrl_seed19_dn32.csv,Aesthetic_Appeal,Aesthetic_Appeal,123,18,8,v_pref_struct,vscore_distilgpt2_kfold_surface_poolAesthetic_Appeal_evalAesthetic_Appeal_foldseed123_seed18_dn8.csv,36,-0.062431616018674405,0.5842826909459033,0.6467143069645778
domain_contrast,Aesthetic_Appeal,accessible,matchedctrl,19,32,v_struct,vscore_distilgpt2_gutenberg_accessible_v0_matchedctrl_seed19_dn32.csv,Aesthetic_Appeal,Aesthetic_Appeal,123,19,8,v_pref_struct,vscore_distilgpt2_kfold_surface_poolAesthetic_Appeal_evalAesthetic_Appeal_foldseed123_seed19_dn8.csv,36,-0.062431616018674405,0.46250885846411777,0.5249404744827921
domain_contrast,Aesthetic_Appeal,accessible,matchedctrl,19,32,v_struct,vscore_distilgpt2_gutenberg_accessible_v0_matchedctrl_seed19_dn32.csv,Aesthetic_Appeal,Aesthetic_Appeal,202,17,8,v_pref_struct,vscore_distilgpt2_kfold_surface_poolAesthetic_Appeal_evalAesthetic_Appeal_foldseed202_seed17_dn8.csv,36,-0.062431616018674405,0.35566712383422133,0.41809873985289575
domain_contrast,Aesthetic_Appeal,accessible,matchedctrl,19,32,v_struct,vscore_distilgpt2_gutenberg_accessible_v0_matchedctrl_seed19_dn32.csv,Aesthetic_Appeal,Aesthetic_Appeal,202,18,8,v_pref_struct,vscore_distilgpt2_kfold_surface_poolAesthetic_Appeal_evalAesthetic_Appeal_foldseed202_seed18_dn8.csv,36,-0.062431616018674405,0.4014932172417432,0.4639248332604176
domain_contrast,Aesthetic_Appeal,accessible,matchedctrl,19,32,v_struct,vscore_distilgpt2_gutenberg_accessible_v0_matchedctrl_seed19_dn32.csv,Aesthetic_Appeal,Aesthetic_Appeal,202,19,8,v_pref_struct,vscore_distilgpt2_kfold_surface_poolAesthetic_Appeal_evalAesthetic_Appeal_foldseed202_seed19_dn8.csv,36,-0.062431616018674405,0.513998851056839,0.5764304670755134
domain_contrast,Aesthetic_Appeal,accessible,wordctrl,17,32,v_struct,vscore_distilgpt2_gutenberg_accessible_v0_wordctrl_seed17_dn32.csv,Aesthetic_Appeal,Aesthetic_Appeal,101,17,8,v_pref_struct,vscore_distilgpt2_kfold_surface_poolAesthetic_Appeal_evalAesthetic_Appeal_foldseed101_seed17_dn8.csv,36,-0.062431616018674405,0.5121967013160937,0.5746283173347682
domain_contrast,Aesthetic_Appeal,accessible,wordctrl,17,32,v_struct,vscore_distilgpt2_gutenberg_accessible_v0_wordctrl_seed17_dn32.csv,Aesthetic_Appeal,Aesthetic_Appeal,101,18,8,v_pref_struct,vscore_distilgpt2_kfold_surface_poolAesthetic_Appeal_evalAesthetic_Appeal_foldseed101_seed18_dn8.csv,36,-0.062431616018674405,0.516573350686475,0.5790049667051494
domain_contrast,Aesthetic_Appeal,accessible,wordctrl,17,32,v_struct,vscore_distilgpt2_gutenberg_accessible_v0_wordctrl_seed17_dn32.csv,Aesthetic_Appeal,Aesthetic_Appeal,101,19,8,v_pref_struct,vscore_distilgpt2_kfold_surface_poolAesthetic_Appeal_evalAesthetic_Appeal_foldseed101_seed19_dn8.csv,36,-0.062431616018674405,0.5170882506124023,0.5795198666310767
domain_contrast,Aesthetic_Appeal,accessible,wordctrl,17,32,v_struct,vscore_distilgpt2_gutenberg_accessible_v0_wordctrl_seed17_dn32.csv,Aesthetic_Appeal,Aesthetic_Appeal,123,17,8,v_pref_struct,vscore_distilgpt2_kfold_surface_poolAesthetic_Appeal_evalAesthetic_Appeal_foldseed123_seed17_dn8.csv,36,-0.062431616018674405,0.4146231653528871,0.47705478137156154
domain_contrast,Aesthetic_Appeal,accessible,wordctrl,17,32,v_struct,vscore_distilgpt2_gutenberg_accessible_v0_wordctrl_seed17_dn32.csv,Aesthetic_Appeal,Aesthetic_Appeal,123,18,8,v_pref_struct,vscore_distilgpt2_kfold_surface_poolAesthetic_Appeal_evalAesthetic_Appeal_foldseed123_seed18_dn8.csv,36,-0.062431616018674405,0.5842826909459033,0.6467143069645778
domain_contrast,Aesthetic_Appeal,accessible,wordctrl,17,32,v_struct,vscore_distilgpt2_gutenberg_accessible_v0_wordctrl_seed17_dn32.csv,Aesthetic_Appeal,Aesthetic_Appeal,123,19,8,v_pref_struct,vscore_distilgpt2_kfold_surface_poolAesthetic_Appeal_evalAesthetic_Appeal_foldseed123_seed19_dn8.csv,36,-0.062431616018674405,0.46250885846411777,0.5249404744827921
domain_contrast,Aesthetic_Appeal,accessible,wordctrl,17,32,v_struct,vscore_distilgpt2_gutenberg_accessible_v0_wordctrl_seed17_dn32.csv,Aesthetic_Appeal,Aesthetic_Appeal,202,17,8,v_pref_struct,vscore_distilgpt2_kfold_surface_poolAesthetic_Appeal_evalAesthetic_Appeal_foldseed202_seed17_dn8.csv,36,-0.062431616018674405,0.35566712383422133,0.41809873985289575
domain_contrast,Aesthetic_Appeal,accessible,wordctrl,17,32,v_struct,vscore_distilgpt2_gutenberg_accessible_v0_wordctrl_seed17_dn32.csv,Aesthetic_Appeal,Aesthetic_Appeal,202,18,8,v_pref_struct,vscore_distilgpt2_kfold_surface_poolAesthetic_Appeal_evalAesthetic_Appeal_foldseed202_seed18_dn8.csv,36,-0.062431616018674405,0.4014932172417432,0.4639248332604176
domain_contrast,Aesthetic_Appeal,accessible,wordctrl,17,32,v_struct,vscore_distilgpt2_gutenberg_accessible_v0_wordctrl_seed17_dn32.csv,Aesthetic_Appeal,Aesthetic_Appeal,202,19,8,v_pref_struct,vscore_distilgpt2_kfold_surface_poolAesthetic_Appeal_evalAesthetic_Appeal_foldseed202_seed19_dn8.csv,36,-0.062431616018674405,0.513998851056839,0.5764304670755134
domain_contrast,Aesthetic_Appeal,accessible,wordctrl,18,32,v_struct,vscore_distilgpt2_gutenberg_accessible_v0_wordctrl_seed18_dn32.csv,Aesthetic_Appeal,Aesthetic_Appeal,101,17,8,v_pref_struct,vscore_distilgpt2_kfold_surface_poolAesthetic_Appeal_evalAesthetic_Appeal_foldseed101_seed17_dn8.csv,36,-0.10735663455582363,0.5121967013160937,0.6195533358719174
domain_contrast,Aesthetic_Appeal,accessible,wordctrl,18,32,v_struct,vscore_distilgpt2_gutenberg_accessible_v0_wordctrl_seed18_dn32.csv,Aesthetic_Appeal,Aesthetic_Appeal,101,18,8,v_pref_struct,vscore_distilgpt2_kfold_surface_poolAesthetic_Appeal_evalAesthetic_Appeal_foldseed101_seed18_dn8.csv,36,-0.10735663455582363,0.516573350686475,0.6239299852422987
domain_contrast,Aesthetic_Appeal,accessible,wordctrl,18,32,v_struct,vscore_distilgpt2_gutenberg_accessible_v0_wordctrl_seed18_dn32.csv,Aesthetic_Appeal,Aesthetic_Appeal,101,19,8,v_pref_struct,vscore_distilgpt2_kfold_surface_poolAesthetic_Appeal_evalAesthetic_Appeal_foldseed101_seed19_dn8.csv,36,-0.10735663455582363,0.5170882506124023,0.6244448851682259
domain_contrast,Aesthetic_Appeal,accessible,wordctrl,18,32,v_struct,vscore_distilgpt2_gutenberg_accessible_v0_wordctrl_seed18_dn32.csv,Aesthetic_Appeal,Aesthetic_Appeal,123,17,8,v_pref_struct,vscore_distilgpt2_kfold_surface_poolAesthetic_Appeal_evalAesthetic_Appeal_foldseed123_seed17_dn8.csv,36,-0.10735663455582363,0.4146231653528871,0.5219797999087108
domain_contrast,Aesthetic_Appeal,accessible,wordctrl,18,32,v_struct,vscore_distilgpt2_gutenberg_accessible_v0_wordctrl_seed18_dn32.csv,Aesthetic_Appeal,Aesthetic_Appeal,123,18,8,v_pref_struct,vscore_distilgpt2_kfold_surface_poolAesthetic_Appeal_evalAesthetic_Appeal_foldseed123_seed18_dn8.csv,36,-0.10735663455582363,0.5842826909459033,0.691639325501727
domain_contrast,Aesthetic_Appeal,accessible,wordctrl,18,32,v_struct,vscore_distilgpt2_gutenberg_accessible_v0_wordctrl_seed18_dn32.csv,Aesthetic_Appeal,Aesthetic_Appeal,123,19,8,v_pref_struct,vscore_distilgpt2_kfold_surface_poolAesthetic_Appeal_evalAesthetic_Appeal_foldseed123_seed19_dn8.csv,36,-0.10735663455582363,0.46250885846411777,0.5698654930199414
domain_contrast,Aesthetic_Appeal,accessible,wordctrl,18,32,v_struct,vscore_distilgpt2_gutenberg_accessible_v0_wordctrl_seed18_dn32.csv,Aesthetic_Appeal,Aesthetic_Appeal,202,17,8,v_pref_struct,vscore_distilgpt2_kfold_surface_poolAesthetic_Appeal_evalAesthetic_Appeal_foldseed202_seed17_dn8.csv,36,-0.10735663455582363,0.35566712383422133,0.46302375839004495
domain_contrast,Aesthetic_Appeal,accessible,wordctrl,18,32,v_struct,vscore_distilgpt2_gutenberg_accessible_v0_wordctrl_seed18_dn32.csv,Aesthetic_Appeal,Aesthetic_Appeal,202,18,8,v_pref_struct,vscore_distilgpt2_kfold_surface_poolAesthetic_Appeal_evalAesthetic_Appeal_foldseed202_seed18_dn8.csv,36,-0.10735663455582363,0.4014932172417432,0.5088498517975668
domain_contrast,Aesthetic_Appeal,accessible,wordctrl,18,32,v_struct,vscore_distilgpt2_gutenberg_accessible_v0_wordctrl_seed18_dn32.csv,Aesthetic_Appeal,Aesthetic_Appeal,202,19,8,v_pref_struct,vscore_distilgpt2_kfold_surface_poolAesthetic_Appeal_evalAesthetic_Appeal_foldseed202_seed19_dn8.csv,36,-0.10735663455582363,0.513998851056839,0.6213554856126626
domain_contrast,Aesthetic_Appeal,accessible,wordctrl,19,32,v_struct,vscore_distilgpt2_gutenberg_accessible_v0_wordctrl_seed19_dn32.csv,Aesthetic_Appeal,Aesthetic_Appeal,101,17,8,v_pref_struct,vscore_distilgpt2_kfold_surface_poolAesthetic_Appeal_evalAesthetic_Appeal_foldseed101_seed17_dn8.csv,36,-0.10014803559284265,0.5121967013160937,0.6123447369089364
domain_contrast,Aesthetic_Appeal,accessible,wordctrl,19,32,v_struct,vscore_distilgpt2_gutenberg_accessible_v0_wordctrl_seed19_dn32.csv,Aesthetic_Appeal,Aesthetic_Appeal,101,18,8,v_pref_struct,vscore_distilgpt2_kfold_surface_poolAesthetic_Appeal_evalAesthetic_Appeal_foldseed101_seed18_dn8.csv,36,-0.10014803559284265,0.516573350686475,0.6167213862793177
domain_contrast,Aesthetic_Appeal,accessible,wordctrl,19,32,v_struct,vscore_distilgpt2_gutenberg_accessible_v0_wordctrl_seed19_dn32.csv,Aesthetic_Appeal,Aesthetic_Appeal,101,19,8,v_pref_struct,vscore_distilgpt2_kfold_surface_poolAesthetic_Appeal_evalAesthetic_Appeal_foldseed101_seed19_dn8.csv,36,-0.10014803559284265,0.5170882506124023,0.617236286205245
domain_contrast,Aesthetic_Appeal,accessible,wordctrl,19,32,v_struct,vscore_distilgpt2_gutenberg_accessible_v0_wordctrl_seed19_dn32.csv,Aesthetic_Appeal,Aesthetic_Appeal,123,17,8,v_pref_struct,vscore_distilgpt2_kfold_surface_poolAesthetic_Appeal_evalAesthetic_Appeal_foldseed123_seed17_dn8.csv,36,-0.10014803559284265,0.4146231653528871,0.5147712009457298
domain_contrast,Aesthetic_Appeal,accessible,wordctrl,19,32,v_struct,vscore_distilgpt2_gutenberg_accessible_v0_wordctrl_seed19_dn32.csv,Aesthetic_Appeal,Aesthetic_Appeal,123,18,8,v_pref_struct,vscore_distilgpt2_kfold_surface_poolAesthetic_Appeal_evalAesthetic_Appeal_foldseed123_seed18_dn8.csv,36,-0.10014803559284265,0.5842826909459033,0.684430726538746
domain_contrast,Aesthetic_Appeal,accessible,wordctrl,19,32,v_struct,vscore_distilgpt2_gutenberg_accessible_v0_wordctrl_seed19_dn32.csv,Aesthetic_Appeal,Aesthetic_Appeal,123,19,8,v_pref_struct,vscore_distilgpt2_kfold_surface_poolAesthetic_Appeal_evalAesthetic_Appeal_foldseed123_seed19_dn8.csv,36,-0.10014803559284265,0.46250885846411777,0.5626568940569604
domain_contrast,Aesthetic_Appeal,accessible,wordctrl,19,32,v_struct,vscore_distilgpt2_gutenberg_accessible_v0_wordctrl_seed19_dn32.csv,Aesthetic_Appeal,Aesthetic_Appeal,202,17,8,v_pref_struct,vscore_distilgpt2_kfold_surface_poolAesthetic_Appeal_evalAesthetic_Appeal_foldseed202_seed17_dn8.csv,36,-0.10014803559284265,0.35566712383422133,0.45581515942706397
domain_contrast,Aesthetic_Appeal,accessible,wordctrl,19,32,v_struct,vscore_distilgpt2_gutenberg_accessible_v0_wordctrl_seed19_dn32.csv,Aesthetic_Appeal,Aesthetic_Appeal,202,18,8,v_pref_struct,vscore_distilgpt2_kfold_surface_poolAesthetic_Appeal_evalAesthetic_Appeal_foldseed202_seed18_dn8.csv,36,-0.10014803559284265,0.4014932172417432,0.5016412528345858
domain_contrast,Aesthetic_Appeal,accessible,wordctrl,19,32,v_struct,vscore_distilgpt2_gutenberg_accessible_v0_wordctrl_seed19_dn32.csv,Aesthetic_Appeal,Aesthetic_Appeal,202,19,8,v_pref_struct,vscore_distilgpt2_kfold_surface_poolAesthetic_Appeal_evalAesthetic_Appeal_foldseed202_seed19_dn8.csv,36,-0.10014803559284265,0.513998851056839,0.6141468866496816
domain_contrast,Aesthetic_Appeal,formal,matchedctrl,17,32,v_struct,vscore_distilgpt2_gutenberg_formal_v0_matchedctrl_seed17_dn32.csv,Aesthetic_Appeal,Aesthetic_Appeal,101,17,8,v_pref_struct,vscore_distilgpt2_kfold_surface_poolAesthetic_Appeal_evalAesthetic_Appeal_foldseed101_seed17_dn8.csv,36,-0.22089206822277374,0.5121967013160937,0.7330887695388675
domain_contrast,Aesthetic_Appeal,formal,matchedctrl,17,32,v_struct,vscore_distilgpt2_gutenberg_formal_v0_matchedctrl_seed17_dn32.csv,Aesthetic_Appeal,Aesthetic_Appeal,101,18,8,v_pref_struct,vscore_distilgpt2_kfold_surface_poolAesthetic_Appeal_evalAesthetic_Appeal_foldseed101_seed18_dn8.csv,36,-0.22089206822277374,0.516573350686475,0.7374654189092488
domain_contrast,Aesthetic_Appeal,formal,matchedctrl,17,32,v_struct,vscore_distilgpt2_gutenberg_formal_v0_matchedctrl_seed17_dn32.csv,Aesthetic_Appeal,Aesthetic_Appeal,101,19,8,v_pref_struct,vscore_distilgpt2_kfold_surface_poolAesthetic_Appeal_evalAesthetic_Appeal_foldseed101_seed19_dn8.csv,36,-0.22089206822277374,0.5170882506124023,0.737980318835176
domain_contrast,Aesthetic_Appeal,formal,matchedctrl,17,32,v_struct,vscore_distilgpt2_gutenberg_formal_v0_matchedctrl_seed17_dn32.csv,Aesthetic_Appeal,Aesthetic_Appeal,123,17,8,v_pref_struct,vscore_distilgpt2_kfold_surface_poolAesthetic_Appeal_evalAesthetic_Appeal_foldseed123_seed17_dn8.csv,36,-0.22089206822277374,0.4146231653528871,0.6355152335756609
domain_contrast,Aesthetic_Appeal,formal,matchedctrl,17,32,v_struct,vscore_distilgpt2_gutenberg_formal_v0_matchedctrl_seed17_dn32.csv,Aesthetic_Appeal,Aesthetic_Appeal,123,18,8,v_pref_struct,vscore_distilgpt2_kfold_surface_poolAesthetic_Appeal_evalAesthetic_Appeal_foldseed123_seed18_dn8.csv,36,-0.22089206822277374,0.5842826909459033,0.8051747591686771
domain_contrast,Aesthetic_Appeal,formal,matchedctrl,17,32,v_struct,vscore_distilgpt2_gutenberg_formal_v0_matchedctrl_seed17_dn32.csv,Aesthetic_Appeal,Aesthetic_Appeal,123,19,8,v_pref_struct,vscore_distilgpt2_kfold_surface_poolAesthetic_Appeal_evalAesthetic_Appeal_foldseed123_seed19_dn8.csv,36,-0.22089206822277374,0.46250885846411777,0.6834009266868915
domain_contrast,Aesthetic_Appeal,formal,matchedctrl,17,32,v_struct,vscore_distilgpt2_gutenberg_formal_v0_matchedctrl_seed17_dn32.csv,Aesthetic_Appeal,Aesthetic_Appeal,202,17,8,v_pref_struct,vscore_distilgpt2_kfold_surface_poolAesthetic_Appeal_evalAesthetic_Appeal_foldseed202_seed17_dn8.csv,36,-0.22089206822277374,0.35566712383422133,0.576559192056995
domain_contrast,Aesthetic_Appeal,formal,matchedctrl,17,32,v_struct,vscore_distilgpt2_gutenberg_formal_v0_matchedctrl_seed17_dn32.csv,Aesthetic_Appeal,Aesthetic_Appeal,202,18,8,v_pref_struct,vscore_distilgpt2_kfold_surface_poolAesthetic_Appeal_evalAesthetic_Appeal_foldseed202_seed18_dn8.csv,36,-0.22089206822277374,0.4014932172417432,0.6223852854645169
domain_contrast,Aesthetic_Appeal,formal,matchedctrl,17,32,v_struct,vscore_distilgpt2_gutenberg_formal_v0_matchedctrl_seed17_dn32.csv,Aesthetic_Appeal,Aesthetic_Appeal,202,19,8,v_pref_struct,vscore_distilgpt2_kfold_surface_poolAesthetic_Appeal_evalAesthetic_Appeal_foldseed202_seed19_dn8.csv,36,-0.22089206822277374,0.513998851056839,0.7348909192796127
domain_contrast,Aesthetic_Appeal,formal,matchedctrl,18,32,v_struct,vscore_distilgpt2_gutenberg_formal_v0_matchedctrl_seed18_dn32.csv,Aesthetic_Appeal,Aesthetic_Appeal,101,17,8,v_pref_struct,vscore_distilgpt2_kfold_surface_poolAesthetic_Appeal_evalAesthetic_Appeal_foldseed101_seed17_dn8.csv,36,-0.2665894366488138,0.5121967013160937,0.7787861379649075
domain_contrast,Aesthetic_Appeal,formal,matchedctrl,18,32,v_struct,vscore_distilgpt2_gutenberg_formal_v0_matchedctrl_seed18_dn32.csv,Aesthetic_Appeal,Aesthetic_Appeal,101,18,8,v_pref_struct,vscore_distilgpt2_kfold_surface_poolAesthetic_Appeal_evalAesthetic_Appeal_foldseed101_seed18_dn8.csv,36,-0.2665894366488138,0.516573350686475,0.7831627873352889
domain_contrast,Aesthetic_Appeal,formal,matchedctrl,18,32,v_struct,vscore_distilgpt2_gutenberg_formal_v0_matchedctrl_seed18_dn32.csv,Aesthetic_Appeal,Aesthetic_Appeal,101,19,8,v_pref_struct,vscore_distilgpt2_kfold_surface_poolAesthetic_Appeal_evalAesthetic_Appeal_foldseed101_seed19_dn8.csv,36,-0.2665894366488138,0.5170882506124023,0.7836776872612161
domain_contrast,Aesthetic_Appeal,formal,matchedctrl,18,32,v_struct,vscore_distilgpt2_gutenberg_formal_v0_matchedctrl_seed18_dn32.csv,Aesthetic_Appeal,Aesthetic_Appeal,123,17,8,v_pref_struct,vscore_distilgpt2_kfold_surface_poolAesthetic_Appeal_evalAesthetic_Appeal_foldseed123_seed17_dn8.csv,36,-0.2665894366488138,0.4146231653528871,0.6812126020017009
domain_contrast,Aesthetic_Appeal,formal,matchedctrl,18,32,v_struct,vscore_distilgpt2_gutenberg_formal_v0_matchedctrl_seed18_dn32.csv,Aesthetic_Appeal,Aesthetic_Appeal,123,18,8,v_pref_struct,vscore_distilgpt2_kfold_surface_poolAesthetic_Appeal_evalAesthetic_Appeal_foldseed123_seed18_dn8.csv,36,-0.2665894366488138,0.5842826909459033,0.8508721275947171
domain_contrast,Aesthetic_Appeal,formal,matchedctrl,18,32,v_struct,vscore_distilgpt2_gutenberg_formal_v0_matchedctrl_seed18_dn32.csv,Aesthetic_Appeal,Aesthetic_Appeal,123,19,8,v_pref_struct,vscore_distilgpt2_kfold_surface_poolAesthetic_Appeal_evalAesthetic_Appeal_foldseed123_seed19_dn8.csv,36,-0.2665894366488138,0.46250885846411777,0.7290982951129316
domain_contrast,Aesthetic_Appeal,formal,matchedctrl,18,32,v_struct,vscore_distilgpt2_gutenberg_formal_v0_matchedctrl_seed18_dn32.csv,Aesthetic_Appeal,Aesthetic_Appeal,202,17,8,v_pref_struct,vscore_distilgpt2_kfold_surface_poolAesthetic_Appeal_evalAesthetic_Appeal_foldseed202_seed17_dn8.csv,36,-0.2665894366488138,0.35566712383422133,0.6222565604830351
domain_contrast,Aesthetic_Appeal,formal,matchedctrl,18,32,v_struct,vscore_distilgpt2_gutenberg_formal_v0_matchedctrl_seed18_dn32.csv,Aesthetic_Appeal,Aesthetic_Appeal,202,18,8,v_pref_struct,vscore_distilgpt2_kfold_surface_poolAesthetic_Appeal_evalAesthetic_Appeal_foldseed202_seed18_dn8.csv,36,-0.2665894366488138,0.4014932172417432,0.668082653890557
domain_contrast,Aesthetic_Appeal,formal,matchedctrl,18,32,v_struct,vscore_distilgpt2_gutenberg_formal_v0_matchedctrl_seed18_dn32.csv,Aesthetic_Appeal,Aesthetic_Appeal,202,19,8,v_pref_struct,vscore_distilgpt2_kfold_surface_poolAesthetic_Appeal_evalAesthetic_Appeal_foldseed202_seed19_dn8.csv,36,-0.2665894366488138,0.513998851056839,0.7805882877056527
domain_contrast,Aesthetic_Appeal,formal,matchedctrl,19,32,v_struct,vscore_distilgpt2_gutenberg_formal_v0_matchedctrl_seed19_dn32.csv,Aesthetic_Appeal,Aesthetic_Appeal,101,17,8,v_pref_struct,vscore_distilgpt2_kfold_surface_poolAesthetic_Appeal_evalAesthetic_Appeal_foldseed101_seed17_dn8.csv,36,-0.25436056340804253,0.5121967013160937,0.7665572647241363
domain_contrast,Aesthetic_Appeal,formal,matchedctrl,19,32,v_struct,vscore_distilgpt2_gutenberg_formal_v0_matchedctrl_seed19_dn32.csv,Aesthetic_Appeal,Aesthetic_Appeal,101,18,8,v_pref_struct,vscore_distilgpt2_kfold_surface_poolAesthetic_Appeal_evalAesthetic_Appeal_foldseed101_seed18_dn8.csv,36,-0.25436056340804253,0.516573350686475,0.7709339140945175
domain_contrast,Aesthetic_Appeal,formal,matchedctrl,19,32,v_struct,vscore_distilgpt2_gutenberg_formal_v0_matchedctrl_seed19_dn32.csv,Aesthetic_Appeal,Aesthetic_Appeal,101,19,8,v_pref_struct,vscore_distilgpt2_kfold_surface_poolAesthetic_Appeal_evalAesthetic_Appeal_foldseed101_seed19_dn8.csv,36,-0.25436056340804253,0.5170882506124023,0.7714488140204447
domain_contrast,Aesthetic_Appeal,formal,matchedctrl,19,32,v_struct,vscore_distilgpt2_gutenberg_formal_v0_matchedctrl_seed19_dn32.csv,Aesthetic_Appeal,Aesthetic_Appeal,123,17,8,v_pref_struct,vscore_distilgpt2_kfold_surface_poolAesthetic_Appeal_evalAesthetic_Appeal_foldseed123_seed17_dn8.csv,36,-0.25436056340804253,0.4146231653528871,0.6689837287609297
domain_contrast,Aesthetic_Appeal,formal,matchedctrl,19,32,v_struct,vscore_distilgpt2_gutenberg_formal_v0_matchedctrl_seed19_dn32.csv,Aesthetic_Appeal,Aesthetic_Appeal,123,18,8,v_pref_struct,vscore_distilgpt2_kfold_surface_poolAesthetic_Appeal_evalAesthetic_Appeal_foldseed123_seed18_dn8.csv,36,-0.25436056340804253,0.5842826909459033,0.8386432543539459
domain_contrast,Aesthetic_Appeal,formal,matchedctrl,19,32,v_struct,vscore_distilgpt2_gutenberg_formal_v0_matchedctrl_seed19_dn32.csv,Aesthetic_Appeal,Aesthetic_Appeal,123,19,8,v_pref_struct,vscore_distilgpt2_kfold_surface_poolAesthetic_Appeal_evalAesthetic_Appeal_foldseed123_seed19_dn8.csv,36,-0.25436056340804253,0.46250885846411777,0.7168694218721603
domain_contrast,Aesthetic_Appeal,formal,matchedctrl,19,32,v_struct,vscore_distilgpt2_gutenberg_formal_v0_matchedctrl_seed19_dn32.csv,Aesthetic_Appeal,Aesthetic_Appeal,202,17,8,v_pref_struct,vscore_distilgpt2_kfold_surface_poolAesthetic_Appeal_evalAesthetic_Appeal_foldseed202_seed17_dn8.csv,36,-0.25436056340804253,0.35566712383422133,0.6100276872422639
domain_contrast,Aesthetic_Appeal,formal,matchedctrl,19,32,v_struct,vscore_distilgpt2_gutenberg_formal_v0_matchedctrl_seed19_dn32.csv,Aesthetic_Appeal,Aesthetic_Appeal,202,18,8,v_pref_struct,vscore_distilgpt2_kfold_surface_poolAesthetic_Appeal_evalAesthetic_Appeal_foldseed202_seed18_dn8.csv,36,-0.25436056340804253,0.4014932172417432,0.6558537806497857
domain_contrast,Aesthetic_Appeal,formal,matchedctrl,19,32,v_struct,vscore_distilgpt2_gutenberg_formal_v0_matchedctrl_seed19_dn32.csv,Aesthetic_Appeal,Aesthetic_Appeal,202,19,8,v_pref_struct,vscore_distilgpt2_kfold_surface_poolAesthetic_Appeal_evalAesthetic_Appeal_foldseed202_seed19_dn8.csv,36,-0.25436056340804253,0.513998851056839,0.7683594144648815
domain_contrast,Aesthetic_Appeal,formal,wordctrl,17,32,v_struct,vscore_distilgpt2_gutenberg_formal_v0_wordctrl_seed17_dn32.csv,Aesthetic_Appeal,Aesthetic_Appeal,101,17,8,v_pref_struct,vscore_distilgpt2_kfold_surface_poolAesthetic_Appeal_evalAesthetic_Appeal_foldseed101_seed17_dn8.csv,36,-0.05290596738902099,0.5121967013160937,0.5651026687051147
domain_contrast,Aesthetic_Appeal,formal,wordctrl,17,32,v_struct,vscore_distilgpt2_gutenberg_formal_v0_wordctrl_seed17_dn32.csv,Aesthetic_Appeal,Aesthetic_Appeal,101,18,8,v_pref_struct,vscore_distilgpt2_kfold_surface_poolAesthetic_Appeal_evalAesthetic_Appeal_foldseed101_seed18_dn8.csv,36,-0.05290596738902099,0.516573350686475,0.569479318075496
domain_contrast,Aesthetic_Appeal,formal,wordctrl,17,32,v_struct,vscore_distilgpt2_gutenberg_formal_v0_wordctrl_seed17_dn32.csv,Aesthetic_Appeal,Aesthetic_Appeal,101,19,8,v_pref_struct,vscore_distilgpt2_kfold_surface_poolAesthetic_Appeal_evalAesthetic_Appeal_foldseed101_seed19_dn8.csv,36,-0.05290596738902099,0.5170882506124023,0.5699942180014232
domain_contrast,Aesthetic_Appeal,formal,wordctrl,17,32,v_struct,vscore_distilgpt2_gutenberg_formal_v0_wordctrl_seed17_dn32.csv,Aesthetic_Appeal,Aesthetic_Appeal,123,17,8,v_pref_struct,vscore_distilgpt2_kfold_surface_poolAesthetic_Appeal_evalAesthetic_Appeal_foldseed123_seed17_dn8.csv,36,-0.05290596738902099,0.4146231653528871,0.4675291327419081
domain_contrast,Aesthetic_Appeal,formal,wordctrl,17,32,v_struct,vscore_distilgpt2_gutenberg_formal_v0_wordctrl_seed17_dn32.csv,Aesthetic_Appeal,Aesthetic_Appeal,123,18,8,v_pref_struct,vscore_distilgpt2_kfold_surface_poolAesthetic_Appeal_evalAesthetic_Appeal_foldseed123_seed18_dn8.csv,36,-0.05290596738902099,0.5842826909459033,0.6371886583349243
domain_contrast,Aesthetic_Appeal,formal,wordctrl,17,32,v_struct,vscore_distilgpt2_gutenberg_formal_v0_wordctrl_seed17_dn32.csv,Aesthetic_Appeal,Aesthetic_Appeal,123,19,8,v_pref_struct,vscore_distilgpt2_kfold_surface_poolAesthetic_Appeal_evalAesthetic_Appeal_foldseed123_seed19_dn8.csv,36,-0.05290596738902099,0.46250885846411777,0.5154148258531388
domain_contrast,Aesthetic_Appeal,formal,wordctrl,17,32,v_struct,vscore_distilgpt2_gutenberg_formal_v0_wordctrl_seed17_dn32.csv,Aesthetic_Appeal,Aesthetic_Appeal,202,17,8,v_pref_struct,vscore_distilgpt2_kfold_surface_poolAesthetic_Appeal_evalAesthetic_Appeal_foldseed202_seed17_dn8.csv,36,-0.05290596738902099,0.35566712383422133,0.4085730912232423
domain_contrast,Aesthetic_Appeal,formal,wordctrl,17,32,v_struct,vscore_distilgpt2_gutenberg_formal_v0_wordctrl_seed17_dn32.csv,Aesthetic_Appeal,Aesthetic_Appeal,202,18,8,v_pref_struct,vscore_distilgpt2_kfold_surface_poolAesthetic_Appeal_evalAesthetic_Appeal_foldseed202_seed18_dn8.csv,36,-0.05290596738902099,0.4014932172417432,0.4543991846307642
domain_contrast,Aesthetic_Appeal,formal,wordctrl,17,32,v_struct,vscore_distilgpt2_gutenberg_formal_v0_wordctrl_seed17_dn32.csv,Aesthetic_Appeal,Aesthetic_Appeal,202,19,8,v_pref_struct,vscore_distilgpt2_kfold_surface_poolAesthetic_Appeal_evalAesthetic_Appeal_foldseed202_seed19_dn8.csv,36,-0.05290596738902099,0.513998851056839,0.5669048184458599
domain_contrast,Aesthetic_Appeal,formal,wordctrl,18,32,v_struct,vscore_distilgpt2_gutenberg_formal_v0_wordctrl_seed18_dn32.csv,Aesthetic_Appeal,Aesthetic_Appeal,101,17,8,v_pref_struct,vscore_distilgpt2_kfold_surface_poolAesthetic_Appeal_evalAesthetic_Appeal_foldseed101_seed17_dn8.csv,36,-0.025616271314878775,0.5121967013160937,0.5378129726309725
domain_contrast,Aesthetic_Appeal,formal,wordctrl,18,32,v_struct,vscore_distilgpt2_gutenberg_formal_v0_wordctrl_seed18_dn32.csv,Aesthetic_Appeal,Aesthetic_Appeal,101,18,8,v_pref_struct,vscore_distilgpt2_kfold_surface_poolAesthetic_Appeal_evalAesthetic_Appeal_foldseed101_seed18_dn8.csv,36,-0.025616271314878775,0.516573350686475,0.5421896220013538
domain_contrast,Aesthetic_Appeal,formal,wordctrl,18,32,v_struct,vscore_distilgpt2_gutenberg_formal_v0_wordctrl_seed18_dn32.csv,Aesthetic_Appeal,Aesthetic_Appeal,101,19,8,v_pref_struct,vscore_distilgpt2_kfold_surface_poolAesthetic_Appeal_evalAesthetic_Appeal_foldseed101_seed19_dn8.csv,36,-0.025616271314878775,0.5170882506124023,0.542704521927281
domain_contrast,Aesthetic_Appeal,formal,wordctrl,18,32,v_struct,vscore_distilgpt2_gutenberg_formal_v0_wordctrl_seed18_dn32.csv,Aesthetic_Appeal,Aesthetic_Appeal,123,17,8,v_pref_struct,vscore_distilgpt2_kfold_surface_poolAesthetic_Appeal_evalAesthetic_Appeal_foldseed123_seed17_dn8.csv,36,-0.025616271314878775,0.4146231653528871,0.4402394366677659
domain_contrast,Aesthetic_Appeal,formal,wordctrl,18,32,v_struct,vscore_distilgpt2_gutenberg_formal_v0_wordctrl_seed18_dn32.csv,Aesthetic_Appeal,Aesthetic_Appeal,123,18,8,v_pref_struct,vscore_distilgpt2_kfold_surface_poolAesthetic_Appeal_evalAesthetic_Appeal_foldseed123_seed18_dn8.csv,36,-0.025616271314878775,0.5842826909459033,0.6098989622607821
domain_contrast,Aesthetic_Appeal,formal,wordctrl,18,32,v_struct,vscore_distilgpt2_gutenberg_formal_v0_wordctrl_seed18_dn32.csv,Aesthetic_Appeal,Aesthetic_Appeal,123,19,8,v_pref_struct,vscore_distilgpt2_kfold_surface_poolAesthetic_Appeal_evalAesthetic_Appeal_foldseed123_seed19_dn8.csv,36,-0.025616271314878775,0.46250885846411777,0.4881251297789965
domain_contrast,Aesthetic_Appeal,formal,wordctrl,18,32,v_struct,vscore_distilgpt2_gutenberg_formal_v0_wordctrl_seed18_dn32.csv,Aesthetic_Appeal,Aesthetic_Appeal,202,17,8,v_pref_struct,vscore_distilgpt2_kfold_surface_poolAesthetic_Appeal_evalAesthetic_Appeal_foldseed202_seed17_dn8.csv,36,-0.025616271314878775,0.35566712383422133,0.3812833951491001
domain_contrast,Aesthetic_Appeal,formal,wordctrl,18,32,v_struct,vscore_distilgpt2_gutenberg_formal_v0_wordctrl_seed18_dn32.csv,Aesthetic_Appeal,Aesthetic_Appeal,202,18,8,v_pref_struct,vscore_distilgpt2_kfold_surface_poolAesthetic_Appeal_evalAesthetic_Appeal_foldseed202_seed18_dn8.csv,36,-0.025616271314878775,0.4014932172417432,0.42710948855662195
domain_contrast,Aesthetic_Appeal,formal,wordctrl,18,32,v_struct,vscore_distilgpt2_gutenberg_formal_v0_wordctrl_seed18_dn32.csv,Aesthetic_Appeal,Aesthetic_Appeal,202,19,8,v_pref_struct,vscore_distilgpt2_kfold_surface_poolAesthetic_Appeal_evalAesthetic_Appeal_foldseed202_seed19_dn8.csv,36,-0.025616271314878775,0.513998851056839,0.5396151223717177
domain_contrast,Aesthetic_Appeal,formal,wordctrl,19,32,v_struct,vscore_distilgpt2_gutenberg_formal_v0_wordctrl_seed19_dn32.csv,Aesthetic_Appeal,Aesthetic_Appeal,101,17,8,v_pref_struct,vscore_distilgpt2_kfold_surface_poolAesthetic_Appeal_evalAesthetic_Appeal_foldseed101_seed17_dn8.csv,36,-0.016219347666707167,0.5121967013160937,0.5284160489828009
domain_contrast,Aesthetic_Appeal,formal,wordctrl,19,32,v_struct,vscore_distilgpt2_gutenberg_formal_v0_wordctrl_seed19_dn32.csv,Aesthetic_Appeal,Aesthetic_Appeal,101,18,8,v_pref_struct,vscore_distilgpt2_kfold_surface_poolAesthetic_Appeal_evalAesthetic_Appeal_foldseed101_seed18_dn8.csv,36,-0.016219347666707167,0.516573350686475,0.5327926983531822
domain_contrast,Aesthetic_Appeal,formal,wordctrl,19,32,v_struct,vscore_distilgpt2_gutenberg_formal_v0_wordctrl_seed19_dn32.csv,Aesthetic_Appeal,Aesthetic_Appeal,101,19,8,v_pref_struct,vscore_distilgpt2_kfold_surface_poolAesthetic_Appeal_evalAesthetic_Appeal_foldseed101_seed19_dn8.csv,36,-0.016219347666707167,0.5170882506124023,0.5333075982791095
domain_contrast,Aesthetic_Appeal,formal,wordctrl,19,32,v_struct,vscore_distilgpt2_gutenberg_formal_v0_wordctrl_seed19_dn32.csv,Aesthetic_Appeal,Aesthetic_Appeal,123,17,8,v_pref_struct,vscore_distilgpt2_kfold_surface_poolAesthetic_Appeal_evalAesthetic_Appeal_foldseed123_seed17_dn8.csv,36,-0.016219347666707167,0.4146231653528871,0.4308425130195943
domain_contrast,Aesthetic_Appeal,formal,wordctrl,19,32,v_struct,vscore_distilgpt2_gutenberg_formal_v0_wordctrl_seed19_dn32.csv,Aesthetic_Appeal,Aesthetic_Appeal,123,18,8,v_pref_struct,vscore_distilgpt2_kfold_surface_poolAesthetic_Appeal_evalAesthetic_Appeal_foldseed123_seed18_dn8.csv,36,-0.016219347666707167,0.5842826909459033,0.6005020386126105
domain_contrast,Aesthetic_Appeal,formal,wordctrl,19,32,v_struct,vscore_distilgpt2_gutenberg_formal_v0_wordctrl_seed19_dn32.csv,Aesthetic_Appeal,Aesthetic_Appeal,123,19,8,v_pref_struct,vscore_distilgpt2_kfold_surface_poolAesthetic_Appeal_evalAesthetic_Appeal_foldseed123_seed19_dn8.csv,36,-0.016219347666707167,0.46250885846411777,0.47872820613082495
domain_contrast,Aesthetic_Appeal,formal,wordctrl,19,32,v_struct,vscore_distilgpt2_gutenberg_formal_v0_wordctrl_seed19_dn32.csv,Aesthetic_Appeal,Aesthetic_Appeal,202,17,8,v_pref_struct,vscore_distilgpt2_kfold_surface_poolAesthetic_Appeal_evalAesthetic_Appeal_foldseed202_seed17_dn8.csv,36,-0.016219347666707167,0.35566712383422133,0.3718864715009285
domain_contrast,Aesthetic_Appeal,formal,wordctrl,19,32,v_struct,vscore_distilgpt2_gutenberg_formal_v0_wordctrl_seed19_dn32.csv,Aesthetic_Appeal,Aesthetic_Appeal,202,18,8,v_pref_struct,vscore_distilgpt2_kfold_surface_poolAesthetic_Appeal_evalAesthetic_Appeal_foldseed202_seed18_dn8.csv,36,-0.016219347666707167,0.4014932172417432,0.4177125649084504
domain_contrast,Aesthetic_Appeal,formal,wordctrl,19,32,v_struct,vscore_distilgpt2_gutenberg_formal_v0_wordctrl_seed19_dn32.csv,Aesthetic_Appeal,Aesthetic_Appeal,202,19,8,v_pref_struct,vscore_distilgpt2_kfold_surface_poolAesthetic_Appeal_evalAesthetic_Appeal_foldseed202_seed19_dn8.csv,36,-0.016219347666707167,0.513998851056839,0.5302181987235461
