bootstrap_id,analysis,method,feature_set,metric,boot_mean_rho,n_runs
0,absolute_effect,compression_distilgpt2,other_human_targets,score_pref_struct,0.18883985030326492,25
0,absolute_effect,compression_distilgpt2,other_human_plus_surface,score_pref_struct,0.24624080526519546,25
0,absolute_effect,compression_distilgpt2,stacked,score_pref_struct,0.3133152664859981,25
0,absolute_effect,embedding_contrast,other_human_targets,score_pref_struct,0.14742031229836106,25
0,absolute_effect,embedding_contrast,other_human_plus_surface,score_pref_struct,0.39775454897406104,25
0,absolute_effect,embedding_contrast,stacked,score_pref_struct,0.6104374758033293,25
0,absolute_effect,tfidf_contrast,other_human_targets,score_pref_struct,0.17990966576332426,25
0,absolute_effect,tfidf_contrast,other_human_plus_surface,score_pref_struct,0.3636753129436056,25
0,absolute_effect,tfidf_contrast,stacked,score_pref_struct,0.5338856626661503,25
1,absolute_effect,compression_distilgpt2,other_human_targets,score_pref_struct,0.07867802736896462,25
1,absolute_effect,compression_distilgpt2,other_human_plus_surface,score_pref_struct,0.1124296411050865,25
1,absolute_effect,compression_distilgpt2,stacked,score_pref_struct,0.15995868835528018,25
1,absolute_effect,embedding_contrast,other_human_targets,score_pref_struct,-0.11061192873741284,25
1,absolute_effect,embedding_contrast,other_human_plus_surface,score_pref_struct,0.24858249419055,25
1,absolute_effect,embedding_contrast,stacked,score_pref_struct,0.2684843790343403,25
1,absolute_effect,tfidf_contrast,other_human_targets,score_pref_struct,-0.00933643170668732,25
1,absolute_effect,tfidf_contrast,other_human_plus_surface,score_pref_struct,0.19908081590498322,25
1,absolute_effect,tfidf_contrast,stacked,score_pref_struct,0.2040898528272657,25
2,absolute_effect,compression_distilgpt2,other_human_targets,score_pref_struct,0.20461240810009035,25
2,absolute_effect,compression_distilgpt2,other_human_plus_surface,score_pref_struct,0.1934683348381272,25
2,absolute_effect,compression_distilgpt2,stacked,score_pref_struct,0.2391796723848833,25
2,absolute_effect,embedding_contrast,other_human_targets,score_pref_struct,0.025543660518508964,25
2,absolute_effect,embedding_contrast,other_human_plus_surface,score_pref_struct,0.06611634206113765,25
2,absolute_effect,embedding_contrast,stacked,score_pref_struct,0.11606861859925191,25
2,absolute_effect,tfidf_contrast,other_human_targets,score_pref_struct,-0.06325809364117116,25
2,absolute_effect,tfidf_contrast,other_human_plus_surface,score_pref_struct,-0.03669805236682575,25
2,absolute_effect,tfidf_contrast,stacked,score_pref_struct,0.048997807300399855,25
3,absolute_effect,compression_distilgpt2,other_human_targets,score_pref_struct,0.3297204968944099,25
3,absolute_effect,compression_distilgpt2,other_human_plus_surface,score_pref_struct,0.4389130434782609,25
3,absolute_effect,compression_distilgpt2,stacked,score_pref_struct,0.6003623188405797,25
3,absolute_effect,embedding_contrast,other_human_targets,score_pref_struct,-0.09208074534161487,25
3,absolute_effect,embedding_contrast,other_human_plus_surface,score_pref_struct,-0.008716356107660446,25
3,absolute_effect,embedding_contrast,stacked,score_pref_struct,-0.10049689440993788,25
3,absolute_effect,tfidf_contrast,other_human_targets,score_pref_struct,-0.0936335403726708,25
3,absolute_effect,tfidf_contrast,other_human_plus_surface,score_pref_struct,0.03250517598343685,25
3,absolute_effect,tfidf_contrast,stacked,score_pref_struct,0.14850931677018633,25
4,absolute_effect,compression_distilgpt2,other_human_targets,score_pref_struct,0.3982720825274017,25
4,absolute_effect,compression_distilgpt2,other_human_plus_surface,score_pref_struct,0.37445261121856865,25
4,absolute_effect,compression_distilgpt2,stacked,score_pref_struct,0.33842940038684716,25
4,absolute_effect,embedding_contrast,other_human_targets,score_pref_struct,0.11150999355254675,25
4,absolute_effect,embedding_contrast,other_human_plus_surface,score_pref_struct,0.23452740167633784,25
4,absolute_effect,embedding_contrast,stacked,score_pref_struct,0.11840103159252095,25
4,absolute_effect,tfidf_contrast,other_human_targets,score_pref_struct,0.2203223726627982,25
4,absolute_effect,tfidf_contrast,other_human_plus_surface,score_pref_struct,0.3241212121212121,25
4,absolute_effect,tfidf_contrast,stacked,score_pref_struct,0.3546047711154094,25
5,absolute_effect,compression_distilgpt2,other_human_targets,score_pref_struct,0.06702786377708979,25
5,absolute_effect,compression_distilgpt2,other_human_plus_surface,score_pref_struct,0.11860681114551083,25
5,absolute_effect,compression_distilgpt2,stacked,score_pref_struct,0.19907120743034057,25
5,absolute_effect,embedding_contrast,other_human_targets,score_pref_struct,0.13397316821465427,25
5,absolute_effect,embedding_contrast,other_human_plus_surface,score_pref_struct,0.1588235294117647,25
5,absolute_effect,embedding_contrast,stacked,score_pref_struct,0.21139318885448916,25
5,absolute_effect,tfidf_contrast,other_human_targets,score_pref_struct,0.19528379772961815,25
5,absolute_effect,tfidf_contrast,other_human_plus_surface,score_pref_struct,0.12948400412796698,25
5,absolute_effect,tfidf_contrast,stacked,score_pref_struct,0.17394220846233227,25
6,absolute_effect,compression_distilgpt2,other_human_targets,score_pref_struct,0.23606727037516173,25
6,absolute_effect,compression_distilgpt2,other_human_plus_surface,score_pref_struct,-0.017956015523932733,25
6,absolute_effect,compression_distilgpt2,stacked,score_pref_struct,0.26471410090556274,25
6,absolute_effect,embedding_contrast,other_human_targets,score_pref_struct,0.20834152652005178,25
6,absolute_effect,embedding_contrast,other_human_plus_surface,score_pref_struct,0.25172574385511,25
6,absolute_effect,embedding_contrast,stacked,score_pref_struct,0.2933195342820181,25
6,absolute_effect,tfidf_contrast,other_human_targets,score_pref_struct,0.1026752910737387,25
6,absolute_effect,tfidf_contrast,other_human_plus_surface,score_pref_struct,0.22950582147477358,25
6,absolute_effect,tfidf_contrast,stacked,score_pref_struct,0.13447865459249678,25
7,absolute_effect,compression_distilgpt2,other_human_targets,score_pref_struct,0.21496774193548387,25
7,absolute_effect,compression_distilgpt2,other_human_plus_surface,score_pref_struct,0.00138322580645161,25
7,absolute_effect,compression_distilgpt2,stacked,score_pref_struct,0.001197419354838718,25
7,absolute_effect,embedding_contrast,other_human_targets,score_pref_struct,-0.04392258064516128,25
7,absolute_effect,embedding_contrast,other_human_plus_surface,score_pref_struct,0.1300025806451613,25
7,absolute_effect,embedding_contrast,stacked,score_pref_struct,0.025052903225806448,25
7,absolute_effect,tfidf_contrast,other_human_targets,score_pref_struct,-0.1293316129032258,25
7,absolute_effect,tfidf_contrast,other_human_plus_surface,score_pref_struct,0.1383122580645161,25
7,absolute_effect,tfidf_contrast,stacked,score_pref_struct,0.10181161290322581,25
8,absolute_effect,compression_distilgpt2,other_human_targets,score_pref_struct,0.2134364526939933,25
8,absolute_effect,compression_distilgpt2,other_human_plus_surface,score_pref_struct,0.15013147718484146,25
8,absolute_effect,compression_distilgpt2,stacked,score_pref_struct,0.11881412735241044,25
8,absolute_effect,embedding_contrast,other_human_targets,score_pref_struct,0.09109564320701212,25
8,absolute_effect,embedding_contrast,other_human_plus_surface,score_pref_struct,0.47163701985047696,25
8,absolute_effect,embedding_contrast,stacked,score_pref_struct,0.5641453982985305,25
8,absolute_effect,tfidf_contrast,other_human_targets,score_pref_struct,0.08203145140500129,25
8,absolute_effect,tfidf_contrast,other_human_plus_surface,score_pref_struct,0.2611291569992266,25
8,absolute_effect,tfidf_contrast,stacked,score_pref_struct,0.37579788605310654,25
9,absolute_effect,compression_distilgpt2,other_human_targets,score_pref_struct,0.11390810531750127,25
9,absolute_effect,compression_distilgpt2,other_human_plus_surface,score_pref_struct,0.19993804852865252,25
9,absolute_effect,compression_distilgpt2,stacked,score_pref_struct,0.4695818275684047,25
9,absolute_effect,embedding_contrast,other_human_targets,score_pref_struct,0.2823335054207537,25
9,absolute_effect,embedding_contrast,other_human_plus_surface,score_pref_struct,0.24032008260196175,25
9,absolute_effect,embedding_contrast,stacked,score_pref_struct,0.12965410428497676,25
9,absolute_effect,tfidf_contrast,other_human_targets,score_pref_struct,0.35551884357253477,25
9,absolute_effect,tfidf_contrast,other_human_plus_surface,score_pref_struct,0.33898812596799177,25
9,absolute_effect,tfidf_contrast,stacked,score_pref_struct,0.21709860609189466,25
10,absolute_effect,compression_distilgpt2,other_human_targets,score_pref_struct,0.062187742435996916,25
10,absolute_effect,compression_distilgpt2,other_human_plus_surface,score_pref_struct,0.03947245927075252,25
10,absolute_effect,compression_distilgpt2,stacked,score_pref_struct,0.3892733385053013,25
10,absolute_effect,embedding_contrast,other_human_targets,score_pref_struct,0.08919575898629431,25
10,absolute_effect,embedding_contrast,other_human_plus_surface,score_pref_struct,0.15378329454357384,25
10,absolute_effect,embedding_contrast,stacked,score_pref_struct,0.23370054305663307,25
10,absolute_effect,tfidf_contrast,other_human_targets,score_pref_struct,0.09345746056374452,25
10,absolute_effect,tfidf_contrast,other_human_plus_surface,score_pref_struct,0.10953193690199121,25
10,absolute_effect,tfidf_contrast,stacked,score_pref_struct,0.5016291698991467,25
11,absolute_effect,compression_distilgpt2,other_human_targets,score_pref_struct,0.350849166343544,25
11,absolute_effect,compression_distilgpt2,other_human_plus_surface,score_pref_struct,0.3571358407651545,25
11,absolute_effect,compression_distilgpt2,stacked,score_pref_struct,0.3960863383740467,25
11,absolute_effect,embedding_contrast,other_human_targets,score_pref_struct,0.3667726508982809,25
11,absolute_effect,embedding_contrast,other_human_plus_surface,score_pref_struct,0.30081426909654907,25
11,absolute_effect,embedding_contrast,stacked,score_pref_struct,0.5047175907974667,25
11,absolute_effect,tfidf_contrast,other_human_targets,score_pref_struct,0.028408944035155734,25
11,absolute_effect,tfidf_contrast,other_human_plus_surface,score_pref_struct,0.02393175649476541,25
11,absolute_effect,tfidf_contrast,stacked,score_pref_struct,0.31088535608116835,25
12,absolute_effect,compression_distilgpt2,other_human_targets,score_pref_struct,0.4022600619195046,25
12,absolute_effect,compression_distilgpt2,other_human_plus_surface,score_pref_struct,0.3361300309597523,25
12,absolute_effect,compression_distilgpt2,stacked,score_pref_struct,0.3570485036119711,25
12,absolute_effect,embedding_contrast,other_human_targets,score_pref_struct,0.3847987616099071,25
12,absolute_effect,embedding_contrast,other_human_plus_surface,score_pref_struct,0.36048503611971106,25
12,absolute_effect,embedding_contrast,stacked,score_pref_struct,0.5258101135190918,25
12,absolute_effect,tfidf_contrast,other_human_targets,score_pref_struct,0.20674922600619194,25
12,absolute_effect,tfidf_contrast,other_human_plus_surface,score_pref_struct,0.2841692466460269,25
12,absolute_effect,tfidf_contrast,stacked,score_pref_struct,0.4957585139318886,25
13,absolute_effect,compression_distilgpt2,other_human_targets,score_pref_struct,0.31443181818181826,25
13,absolute_effect,compression_distilgpt2,other_human_plus_surface,score_pref_struct,0.3678409090909092,25
13,absolute_effect,compression_distilgpt2,stacked,score_pref_struct,0.39615702479338843,25
13,absolute_effect,embedding_contrast,other_human_targets,score_pref_struct,-0.1368904958677686,25
13,absolute_effect,embedding_contrast,other_human_plus_surface,score_pref_struct,-0.0066528925619834724,25
13,absolute_effect,embedding_contrast,stacked,score_pref_struct,0.1828615702479339,25
13,absolute_effect,tfidf_contrast,other_human_targets,score_pref_struct,-0.036849173553719014,25
13,absolute_effect,tfidf_contrast,other_human_plus_surface,score_pref_struct,0.17741735537190087,25
13,absolute_effect,tfidf_contrast,stacked,score_pref_struct,0.34135330578512396,25
14,absolute_effect,compression_distilgpt2,other_human_targets,score_pref_struct,0.09153786508141637,25
14,absolute_effect,compression_distilgpt2,other_human_plus_surface,score_pref_struct,-0.013471181183768421,25
14,absolute_effect,compression_distilgpt2,stacked,score_pref_struct,0.03035409666580512,25
14,absolute_effect,embedding_contrast,other_human_targets,score_pref_struct,0.11692943913155855,25
14,absolute_effect,embedding_contrast,other_human_plus_surface,score_pref_struct,0.29258206254846214,25
14,absolute_effect,embedding_contrast,stacked,score_pref_struct,0.3478935125355389,25
14,absolute_effect,tfidf_contrast,other_human_targets,score_pref_struct,0.11967950374773846,25
14,absolute_effect,tfidf_contrast,other_human_plus_surface,score_pref_struct,0.3245386404755752,25
14,absolute_effect,tfidf_contrast,stacked,score_pref_struct,0.2499043680537607,25
15,absolute_effect,compression_distilgpt2,other_human_targets,score_pref_struct,0.30852038834951456,25
15,absolute_effect,compression_distilgpt2,other_human_plus_surface,score_pref_struct,0.30648025889967634,25
15,absolute_effect,compression_distilgpt2,stacked,score_pref_struct,0.2455145631067961,25
15,absolute_effect,embedding_contrast,other_human_targets,score_pref_struct,-0.21612427184466018,25
15,absolute_effect,embedding_contrast,other_human_plus_surface,score_pref_struct,-0.19619935275080905,25
15,absolute_effect,embedding_contrast,stacked,score_pref_struct,-0.13126731391585758,25
15,absolute_effect,tfidf_contrast,other_human_targets,score_pref_struct,-0.0060841423948220005,25
15,absolute_effect,tfidf_contrast,other_human_plus_surface,score_pref_struct,0.033931391585760515,25
15,absolute_effect,tfidf_contrast,stacked,score_pref_struct,0.11960647249190937,25
16,absolute_effect,compression_distilgpt2,other_human_targets,score_pref_struct,0.04867046042421107,25
16,absolute_effect,compression_distilgpt2,other_human_plus_surface,score_pref_struct,-0.004459389549922404,25
16,absolute_effect,compression_distilgpt2,stacked,score_pref_struct,-0.07547853078116915,25
16,absolute_effect,embedding_contrast,other_human_targets,score_pref_struct,-0.12265907915157785,25
16,absolute_effect,embedding_contrast,other_human_plus_surface,score_pref_struct,-0.15427832384893944,25
16,absolute_effect,embedding_contrast,stacked,score_pref_struct,-0.06775995861355406,25
16,absolute_effect,tfidf_contrast,other_human_targets,score_pref_struct,-0.3382928091050181,25
16,absolute_effect,tfidf_contrast,other_human_plus_surface,score_pref_struct,-0.31745473357475423,25
16,absolute_effect,tfidf_contrast,stacked,score_pref_struct,-0.1546301086394206,25
17,absolute_effect,compression_distilgpt2,other_human_targets,score_pref_struct,0.12610537190082646,25
17,absolute_effect,compression_distilgpt2,other_human_plus_surface,score_pref_struct,0.1509297520661157,25
17,absolute_effect,compression_distilgpt2,stacked,score_pref_struct,0.32671487603305793,25
17,absolute_effect,embedding_contrast,other_human_targets,score_pref_struct,0.03855371900826446,25
17,absolute_effect,embedding_contrast,other_human_plus_surface,score_pref_struct,0.2614152892561984,25
17,absolute_effect,embedding_contrast,stacked,score_pref_struct,0.5838429752066117,25
17,absolute_effect,tfidf_contrast,other_human_targets,score_pref_struct,0.020402892561983476,25
17,absolute_effect,tfidf_contrast,other_human_plus_surface,score_pref_struct,0.3162913223140496,25
17,absolute_effect,tfidf_contrast,stacked,score_pref_struct,0.29245867768595046,25
18,absolute_effect,compression_distilgpt2,other_human_targets,score_pref_struct,0.3764833462432223,25
18,absolute_effect,compression_distilgpt2,other_human_plus_surface,score_pref_struct,0.33120578363026076,25
18,absolute_effect,compression_distilgpt2,stacked,score_pref_struct,0.292011360702298,25
18,absolute_effect,embedding_contrast,other_human_targets,score_pref_struct,0.1683139684998709,25
18,absolute_effect,embedding_contrast,other_human_plus_surface,score_pref_struct,0.200568035114898,25
18,absolute_effect,embedding_contrast,stacked,score_pref_struct,0.2180841724761167,25
18,absolute_effect,tfidf_contrast,other_human_targets,score_pref_struct,0.025737154660469917,25
18,absolute_effect,tfidf_contrast,other_human_plus_surface,score_pref_struct,0.10342370255615801,25
18,absolute_effect,tfidf_contrast,stacked,score_pref_struct,0.2238264910921766,25
19,absolute_effect,compression_distilgpt2,other_human_targets,score_pref_struct,0.3824767801857585,25
19,absolute_effect,compression_distilgpt2,other_human_plus_surface,score_pref_struct,0.33054695562435504,25
19,absolute_effect,compression_distilgpt2,stacked,score_pref_struct,0.4377296181630546,25
19,absolute_effect,embedding_contrast,other_human_targets,score_pref_struct,0.21116615067079464,25
19,absolute_effect,embedding_contrast,other_human_plus_surface,score_pref_struct,0.34972136222910216,25
19,absolute_effect,embedding_contrast,stacked,score_pref_struct,0.289422084623323,25
19,absolute_effect,tfidf_contrast,other_human_targets,score_pref_struct,0.06518059855521155,25
19,absolute_effect,tfidf_contrast,other_human_plus_surface,score_pref_struct,0.25327141382868934,25
19,absolute_effect,tfidf_contrast,stacked,score_pref_struct,0.39860681114551083,25
20,absolute_effect,compression_distilgpt2,other_human_targets,score_pref_struct,0.33735089078233926,25
20,absolute_effect,compression_distilgpt2,other_human_plus_surface,score_pref_struct,0.4073844564936742,25
20,absolute_effect,compression_distilgpt2,stacked,score_pref_struct,0.27187193390136843,25
20,absolute_effect,embedding_contrast,other_human_targets,score_pref_struct,0.12135295636457527,25
20,absolute_effect,embedding_contrast,other_human_plus_surface,score_pref_struct,0.14331009553317842,25
20,absolute_effect,embedding_contrast,stacked,score_pref_struct,-0.032192099147947316,25
20,absolute_effect,tfidf_contrast,other_human_targets,score_pref_struct,0.052693002840175564,25
20,absolute_effect,tfidf_contrast,other_human_plus_surface,score_pref_struct,-0.024962561321972637,25
20,absolute_effect,tfidf_contrast,stacked,score_pref_struct,-0.03450555125225923,25
21,absolute_effect,compression_distilgpt2,other_human_targets,score_pref_struct,0.6439596795037478,25
21,absolute_effect,compression_distilgpt2,other_human_plus_surface,score_pref_struct,0.49191005427759116,25
21,absolute_effect,compression_distilgpt2,stacked,score_pref_struct,0.600672008270871,25
21,absolute_effect,embedding_contrast,other_human_targets,score_pref_struct,0.2775807702248643,25
21,absolute_effect,embedding_contrast,other_human_plus_surface,score_pref_struct,0.08141638666322049,25
21,absolute_effect,embedding_contrast,stacked,score_pref_struct,-0.06815197725510468,25
21,absolute_effect,tfidf_contrast,other_human_targets,score_pref_struct,-0.04015507883173949,25
21,absolute_effect,tfidf_contrast,other_human_plus_surface,score_pref_struct,0.037198242439906964,25
21,absolute_effect,tfidf_contrast,stacked,score_pref_struct,0.0261669682088395,25
22,absolute_effect,compression_distilgpt2,other_human_targets,score_pref_struct,0.20402892561983474,25
22,absolute_effect,compression_distilgpt2,other_human_plus_surface,score_pref_struct,0.005082644628099172,25
22,absolute_effect,compression_distilgpt2,stacked,score_pref_struct,0.030309917355371904,25
22,absolute_effect,embedding_contrast,other_human_targets,score_pref_struct,0.13779958677685952,25
22,absolute_effect,embedding_contrast,other_human_plus_surface,score_pref_struct,0.3256301652892562,25
22,absolute_effect,embedding_contrast,stacked,score_pref_struct,0.3867665289256199,25
22,absolute_effect,tfidf_contrast,other_human_targets,score_pref_struct,0.032024793388429756,25
22,absolute_effect,tfidf_contrast,other_human_plus_surface,score_pref_struct,0.17184917355371904,25
22,absolute_effect,tfidf_contrast,stacked,score_pref_struct,0.20665289256198352,25
23,absolute_effect,compression_distilgpt2,other_human_targets,score_pref_struct,0.22972225810618785,25
23,absolute_effect,compression_distilgpt2,other_human_plus_surface,score_pref_struct,0.13512982818757266,25
23,absolute_effect,compression_distilgpt2,stacked,score_pref_struct,0.22605348146234341,25
23,absolute_effect,embedding_contrast,other_human_targets,score_pref_struct,0.059398010592946665,25
23,absolute_effect,embedding_contrast,other_human_plus_surface,score_pref_struct,0.09062911768505362,25
23,absolute_effect,embedding_contrast,stacked,score_pref_struct,0.2201007621754295,25
23,absolute_effect,tfidf_contrast,other_human_targets,score_pref_struct,-0.06213667484821084,25
23,absolute_effect,tfidf_contrast,other_human_plus_surface,score_pref_struct,-0.07618137191577316,25
23,absolute_effect,tfidf_contrast,stacked,score_pref_struct,0.12410282909184861,25
24,absolute_effect,compression_distilgpt2,other_human_targets,score_pref_struct,0.03842145989166882,25
24,absolute_effect,compression_distilgpt2,other_human_plus_surface,score_pref_struct,0.04004126902244003,25
24,absolute_effect,compression_distilgpt2,stacked,score_pref_struct,0.14030435904049524,25
24,absolute_effect,embedding_contrast,other_human_targets,score_pref_struct,0.12833634253288626,25
24,absolute_effect,embedding_contrast,other_human_plus_surface,score_pref_struct,0.09113231880319836,25
24,absolute_effect,embedding_contrast,stacked,score_pref_struct,0.22044880061903535,25
24,absolute_effect,tfidf_contrast,other_human_targets,score_pref_struct,0.15244776889347433,25
24,absolute_effect,tfidf_contrast,other_human_plus_surface,score_pref_struct,0.14659788496259998,25
24,absolute_effect,tfidf_contrast,stacked,score_pref_struct,0.43275728656177465,25
25,absolute_effect,compression_distilgpt2,other_human_targets,score_pref_struct,0.14398143372872613,25
25,absolute_effect,compression_distilgpt2,other_human_plus_surface,score_pref_struct,0.1971944301186178,25
25,absolute_effect,compression_distilgpt2,stacked,score_pref_struct,0.29136668385765857,25
25,absolute_effect,embedding_contrast,other_human_targets,score_pref_struct,0.2459824651882413,25
25,absolute_effect,embedding_contrast,other_human_plus_surface,score_pref_struct,0.29505930892212473,25
25,absolute_effect,embedding_contrast,stacked,score_pref_struct,0.30139247034553884,25
25,absolute_effect,tfidf_contrast,other_human_targets,score_pref_struct,0.29651366683857655,25
25,absolute_effect,tfidf_contrast,other_human_plus_surface,score_pref_struct,0.3714285714285714,25
25,absolute_effect,tfidf_contrast,stacked,score_pref_struct,0.39316142341413096,25
26,absolute_effect,compression_distilgpt2,other_human_targets,score_pref_struct,0.15156483629801495,25
26,absolute_effect,compression_distilgpt2,other_human_plus_surface,score_pref_struct,-0.06058262438772881,25
26,absolute_effect,compression_distilgpt2,stacked,score_pref_struct,0.051704047434905906,25
26,absolute_effect,embedding_contrast,other_human_targets,score_pref_struct,0.1289198246970869,25
26,absolute_effect,embedding_contrast,other_human_plus_surface,score_pref_struct,0.21176591905130188,25
26,absolute_effect,embedding_contrast,stacked,score_pref_struct,0.21849961330239753,25
26,absolute_effect,tfidf_contrast,other_human_targets,score_pref_struct,0.04580562000515597,25
26,absolute_effect,tfidf_contrast,other_human_plus_surface,score_pref_struct,0.1723433874709977,25
26,absolute_effect,tfidf_contrast,stacked,score_pref_struct,0.1251456560969322,25
27,absolute_effect,compression_distilgpt2,other_human_targets,score_pref_struct,0.11281270169097715,25
27,absolute_effect,compression_distilgpt2,other_human_plus_surface,score_pref_struct,0.11651994320382084,25
27,absolute_effect,compression_distilgpt2,stacked,score_pref_struct,0.18991093326448946,25
27,absolute_effect,embedding_contrast,other_human_targets,score_pref_struct,0.23714470117464825,25
27,absolute_effect,embedding_contrast,other_human_plus_surface,score_pref_struct,0.3578933780818382,25
27,absolute_effect,embedding_contrast,stacked,score_pref_struct,0.5954563056667097,25
27,absolute_effect,tfidf_contrast,other_human_targets,score_pref_struct,0.16594294565638315,25
27,absolute_effect,tfidf_contrast,other_human_plus_surface,score_pref_struct,0.23318962178907968,25
27,absolute_effect,tfidf_contrast,stacked,score_pref_struct,0.5068749193236092,25
28,absolute_effect,compression_distilgpt2,other_human_targets,score_pref_struct,0.32887336696417024,25
28,absolute_effect,compression_distilgpt2,other_human_plus_surface,score_pref_struct,0.2917863148363731,25
28,absolute_effect,compression_distilgpt2,stacked,score_pref_struct,0.4004915276160911,25
28,absolute_effect,embedding_contrast,other_human_targets,score_pref_struct,0.3414357780364765,25
28,absolute_effect,embedding_contrast,other_human_plus_surface,score_pref_struct,0.33359203207864446,25
28,absolute_effect,embedding_contrast,stacked,score_pref_struct,0.18897943344974777,25
28,absolute_effect,tfidf_contrast,other_human_targets,score_pref_struct,0.08502392963394127,25
28,absolute_effect,tfidf_contrast,other_human_plus_surface,score_pref_struct,0.09325054973483379,25
28,absolute_effect,tfidf_contrast,stacked,score_pref_struct,0.06941922131677662,25
29,absolute_effect,compression_distilgpt2,other_human_targets,score_pref_struct,0.4954235537190083,25
29,absolute_effect,compression_distilgpt2,other_human_plus_surface,score_pref_struct,0.5657438016528925,25
29,absolute_effect,compression_distilgpt2,stacked,score_pref_struct,0.5515289256198348,25
29,absolute_effect,embedding_contrast,other_human_targets,score_pref_struct,0.0637706611570248,25
29,absolute_effect,embedding_contrast,other_human_plus_surface,score_pref_struct,0.17484504132231407,25
29,absolute_effect,embedding_contrast,stacked,score_pref_struct,0.17425619834710745,25
29,absolute_effect,tfidf_contrast,other_human_targets,score_pref_struct,0.17804752066115703,25
29,absolute_effect,tfidf_contrast,other_human_plus_surface,score_pref_struct,0.3102789256198348,25
29,absolute_effect,tfidf_contrast,stacked,score_pref_struct,0.3402272727272728,25
30,absolute_effect,compression_distilgpt2,other_human_targets,score_pref_struct,0.2821669031342707,25
30,absolute_effect,compression_distilgpt2,other_human_plus_surface,score_pref_struct,0.19834902618341294,25
30,absolute_effect,compression_distilgpt2,stacked,score_pref_struct,0.2203998452212047,25
30,absolute_effect,embedding_contrast,other_human_targets,score_pref_struct,0.16136721269186122,25
30,absolute_effect,embedding_contrast,other_human_plus_surface,score_pref_struct,0.17257319747194635,25
30,absolute_effect,embedding_contrast,stacked,score_pref_struct,0.23220430800980268,25
30,absolute_effect,tfidf_contrast,other_human_targets,score_pref_struct,-0.04924545337288792,25
30,absolute_effect,tfidf_contrast,other_human_plus_surface,score_pref_struct,0.08581452341029282,25
30,absolute_effect,tfidf_contrast,stacked,score_pref_struct,0.13347607377789245,25
31,absolute_effect,compression_distilgpt2,other_human_targets,score_pref_struct,0.3332404540763674,25
31,absolute_effect,compression_distilgpt2,other_human_plus_surface,score_pref_struct,0.33759545923632617,25
31,absolute_effect,compression_distilgpt2,stacked,score_pref_struct,0.29363261093911247,25
31,absolute_effect,embedding_contrast,other_human_targets,score_pref_struct,0.21984520123839013,25
31,absolute_effect,embedding_contrast,other_human_plus_surface,score_pref_struct,0.3391228070175439,25
31,absolute_effect,embedding_contrast,stacked,score_pref_struct,0.39893704850361195,25
31,absolute_effect,tfidf_contrast,other_human_targets,score_pref_struct,0.040206398348813205,25
31,absolute_effect,tfidf_contrast,other_human_plus_surface,score_pref_struct,0.07862745098039214,25
31,absolute_effect,tfidf_contrast,stacked,score_pref_struct,0.2520020639834881,25
32,absolute_effect,compression_distilgpt2,other_human_targets,score_pref_struct,0.22497032258064514,25
32,absolute_effect,compression_distilgpt2,other_human_plus_surface,score_pref_struct,0.30581677419354836,25
32,absolute_effect,compression_distilgpt2,stacked,score_pref_struct,0.44704,25
32,absolute_effect,embedding_contrast,other_human_targets,score_pref_struct,0.2038090322580645,25
32,absolute_effect,embedding_contrast,other_human_plus_surface,score_pref_struct,0.23780129032258063,25
32,absolute_effect,embedding_contrast,stacked,score_pref_struct,0.3844129032258065,25
32,absolute_effect,tfidf_contrast,other_human_targets,score_pref_struct,0.15286709677419355,25
32,absolute_effect,tfidf_contrast,other_human_plus_surface,score_pref_struct,0.20604903225806448,25
32,absolute_effect,tfidf_contrast,stacked,score_pref_struct,0.17684645161290324,25
33,absolute_effect,compression_distilgpt2,other_human_targets,score_pref_struct,0.4095129828187573,25
33,absolute_effect,compression_distilgpt2,other_human_plus_surface,score_pref_struct,0.3805348146234337,25
33,absolute_effect,compression_distilgpt2,stacked,score_pref_struct,0.2524893424622142,25
33,absolute_effect,embedding_contrast,other_human_targets,score_pref_struct,0.14980493476295054,25
33,absolute_effect,embedding_contrast,other_human_plus_surface,score_pref_struct,0.13077896912543602,25
33,absolute_effect,embedding_contrast,stacked,score_pref_struct,0.2231804676398398,25
33,absolute_effect,tfidf_contrast,other_human_targets,score_pref_struct,-0.06459630538690092,25
33,absolute_effect,tfidf_contrast,other_human_plus_surface,score_pref_struct,-0.024301769797183827,25
33,absolute_effect,tfidf_contrast,stacked,score_pref_struct,0.06143392326572795,25
34,absolute_effect,compression_distilgpt2,other_human_targets,score_pref_struct,0.3065256095987614,25
34,absolute_effect,compression_distilgpt2,other_human_plus_surface,score_pref_struct,0.23225390272222934,25
34,absolute_effect,compression_distilgpt2,stacked,score_pref_struct,0.48419558766610754,25
34,absolute_effect,embedding_contrast,other_human_targets,score_pref_struct,-0.16348342149400075,25
34,absolute_effect,embedding_contrast,other_human_plus_surface,score_pref_struct,-0.10976132111985548,25
34,absolute_effect,embedding_contrast,stacked,score_pref_struct,0.1124654883240872,25
34,absolute_effect,tfidf_contrast,other_human_targets,score_pref_struct,-0.14656689459424588,25
34,absolute_effect,tfidf_contrast,other_human_plus_surface,score_pref_struct,-0.161501741710747,25
34,absolute_effect,tfidf_contrast,stacked,score_pref_struct,0.012576441749451682,25
35,absolute_effect,compression_distilgpt2,other_human_targets,score_pref_struct,0.30308406395048987,25
35,absolute_effect,compression_distilgpt2,other_human_plus_surface,score_pref_struct,0.3389272821041774,25
35,absolute_effect,compression_distilgpt2,stacked,score_pref_struct,0.3592470345538937,25
35,absolute_effect,embedding_contrast,other_human_targets,score_pref_struct,0.020474471376998447,25
35,absolute_effect,embedding_contrast,other_human_plus_surface,score_pref_struct,0.18300154718927278,25
35,absolute_effect,embedding_contrast,stacked,score_pref_struct,0.16488911810211446,25
35,absolute_effect,tfidf_contrast,other_human_targets,score_pref_struct,0.012006188757091281,25
35,absolute_effect,tfidf_contrast,other_human_plus_surface,score_pref_struct,0.1960391954615781,25
35,absolute_effect,tfidf_contrast,stacked,score_pref_struct,0.3177617328519855,25
36,absolute_effect,compression_distilgpt2,other_human_targets,score_pref_struct,0.29981679783253773,25
36,absolute_effect,compression_distilgpt2,other_human_plus_surface,score_pref_struct,0.19591278544703908,25
36,absolute_effect,compression_distilgpt2,stacked,score_pref_struct,0.3850393497613211,25
36,absolute_effect,embedding_contrast,other_human_targets,score_pref_struct,0.12256999096890724,25
36,absolute_effect,embedding_contrast,other_human_plus_surface,score_pref_struct,-0.1280402528705973,25
36,absolute_effect,embedding_contrast,stacked,score_pref_struct,-0.03580957295832795,25
36,absolute_effect,tfidf_contrast,other_human_targets,score_pref_struct,0.24587795123209907,25
36,absolute_effect,tfidf_contrast,other_human_plus_surface,score_pref_struct,0.02555025158044123,25
36,absolute_effect,tfidf_contrast,stacked,score_pref_struct,0.20383950458005418,25
37,absolute_effect,compression_distilgpt2,other_human_targets,score_pref_struct,0.5408754034861201,25
37,absolute_effect,compression_distilgpt2,other_human_plus_surface,score_pref_struct,0.38023499031633307,25
37,absolute_effect,compression_distilgpt2,stacked,score_pref_struct,0.33662491930277594,25
37,absolute_effect,embedding_contrast,other_human_targets,score_pref_struct,0.4518476436410588,25
37,absolute_effect,embedding_contrast,other_human_plus_surface,score_pref_struct,0.5292136862491931,25
37,absolute_effect,embedding_contrast,stacked,score_pref_struct,0.5277469335054874,25
37,absolute_effect,tfidf_contrast,other_human_targets,score_pref_struct,0.11975209812782438,25
37,absolute_effect,tfidf_contrast,other_human_plus_surface,score_pref_struct,0.1638786313750807,25
37,absolute_effect,tfidf_contrast,stacked,score_pref_struct,0.30032795351839897,25
38,absolute_effect,compression_distilgpt2,other_human_targets,score_pref_struct,0.24020131629887723,25
38,absolute_effect,compression_distilgpt2,other_human_plus_surface,score_pref_struct,0.3150290360046457,25
38,absolute_effect,compression_distilgpt2,stacked,score_pref_struct,0.46956768615305194,25
38,absolute_effect,embedding_contrast,other_human_targets,score_pref_struct,0.19716092399019228,25
38,absolute_effect,embedding_contrast,other_human_plus_surface,score_pref_struct,0.297086075622661,25
38,absolute_effect,embedding_contrast,stacked,score_pref_struct,0.30859723835333586,25
38,absolute_effect,tfidf_contrast,other_human_targets,score_pref_struct,0.10341979610272292,25
38,absolute_effect,tfidf_contrast,other_human_plus_surface,score_pref_struct,0.1463775971093044,25
38,absolute_effect,tfidf_contrast,stacked,score_pref_struct,0.23156020131629884,25
39,absolute_effect,compression_distilgpt2,other_human_targets,score_pref_struct,0.13391797781790046,25
39,absolute_effect,compression_distilgpt2,other_human_plus_surface,score_pref_struct,0.07810162496775858,25
39,absolute_effect,compression_distilgpt2,stacked,score_pref_struct,0.13331957699252,25
39,absolute_effect,embedding_contrast,other_human_targets,score_pref_struct,0.11652308485942742,25
39,absolute_effect,embedding_contrast,other_human_plus_surface,score_pref_struct,0.33752901728140317,25
39,absolute_effect,embedding_contrast,stacked,score_pref_struct,0.32615940159917467,25
39,absolute_effect,tfidf_contrast,other_human_targets,score_pref_struct,-0.06705184420944028,25
39,absolute_effect,tfidf_contrast,other_human_plus_surface,score_pref_struct,0.054196543719370646,25
39,absolute_effect,tfidf_contrast,stacked,score_pref_struct,0.06857879803972143,25
40,absolute_effect,compression_distilgpt2,other_human_targets,score_pref_struct,0.18286082806655493,25
40,absolute_effect,compression_distilgpt2,other_human_plus_surface,score_pref_struct,0.2125680381787695,25
40,absolute_effect,compression_distilgpt2,stacked,score_pref_struct,0.38747839545982204,25
40,absolute_effect,embedding_contrast,other_human_targets,score_pref_struct,0.0004694956790919663,25
40,absolute_effect,embedding_contrast,other_human_plus_surface,score_pref_struct,0.058201986327873094,25
40,absolute_effect,embedding_contrast,stacked,score_pref_struct,0.4067844705275378,25
40,absolute_effect,tfidf_contrast,other_human_targets,score_pref_struct,-0.14252547401006063,25
40,absolute_effect,tfidf_contrast,other_human_plus_surface,score_pref_struct,-0.09641171159551142,25
40,absolute_effect,tfidf_contrast,stacked,score_pref_struct,0.13822262350058043,25
41,absolute_effect,compression_distilgpt2,other_human_targets,score_pref_struct,0.23561516636574673,25
41,absolute_effect,compression_distilgpt2,other_human_plus_surface,score_pref_struct,0.142667010575187,25
41,absolute_effect,compression_distilgpt2,stacked,score_pref_struct,0.26580345628062935,25
41,absolute_effect,embedding_contrast,other_human_targets,score_pref_struct,0.11843177714727883,25
41,absolute_effect,embedding_contrast,other_human_plus_surface,score_pref_struct,0.07424297136961569,25
41,absolute_effect,embedding_contrast,stacked,score_pref_struct,0.1835749290688677,25
41,absolute_effect,tfidf_contrast,other_human_targets,score_pref_struct,-0.02869228785143152,25
41,absolute_effect,tfidf_contrast,other_human_plus_surface,score_pref_struct,0.017859169460923398,25
41,absolute_effect,tfidf_contrast,stacked,score_pref_struct,0.16248645860201186,25
42,absolute_effect,compression_distilgpt2,other_human_targets,score_pref_struct,0.056932800206371724,25
42,absolute_effect,compression_distilgpt2,other_human_plus_surface,score_pref_struct,-0.017340384367341685,25
42,absolute_effect,compression_distilgpt2,stacked,score_pref_struct,0.08202760221849609,25
42,absolute_effect,embedding_contrast,other_human_targets,score_pref_struct,0.2990893847542887,25
42,absolute_effect,embedding_contrast,other_human_plus_surface,score_pref_struct,0.36876047981426546,25
42,absolute_effect,embedding_contrast,stacked,score_pref_struct,0.35472720237327493,25
42,absolute_effect,tfidf_contrast,other_human_targets,score_pref_struct,0.3472462272668645,25
42,absolute_effect,tfidf_contrast,other_human_plus_surface,score_pref_struct,0.20090803559912296,25
42,absolute_effect,tfidf_contrast,stacked,score_pref_struct,0.19020766155036764,25
43,absolute_effect,compression_distilgpt2,other_human_targets,score_pref_struct,0.09902942694889003,25
43,absolute_effect,compression_distilgpt2,other_human_plus_surface,score_pref_struct,0.06188951987609704,25
43,absolute_effect,compression_distilgpt2,stacked,score_pref_struct,0.3013629323696438,25
43,absolute_effect,embedding_contrast,other_human_targets,score_pref_struct,0.10376871450696953,25
43,absolute_effect,embedding_contrast,other_human_plus_surface,score_pref_struct,0.17622096024780587,25
43,absolute_effect,embedding_contrast,stacked,score_pref_struct,0.18196179659266903,25
43,absolute_effect,tfidf_contrast,other_human_targets,score_pref_struct,0.07490965410428496,25
43,absolute_effect,tfidf_contrast,other_human_plus_surface,score_pref_struct,0.13922560660815694,25
43,absolute_effect,tfidf_contrast,stacked,score_pref_struct,0.18475993804852864,25
44,absolute_effect,compression_distilgpt2,other_human_targets,score_pref_struct,0.148856183836819,25
44,absolute_effect,compression_distilgpt2,other_human_plus_surface,score_pref_struct,0.15562096565969535,25
44,absolute_effect,compression_distilgpt2,stacked,score_pref_struct,0.2318925897237284,25
44,absolute_effect,embedding_contrast,other_human_targets,score_pref_struct,0.11460883036405888,25
44,absolute_effect,embedding_contrast,other_human_plus_surface,score_pref_struct,0.1893106119287374,25
44,absolute_effect,embedding_contrast,stacked,score_pref_struct,0.2617712367673638,25
44,absolute_effect,tfidf_contrast,other_human_targets,score_pref_struct,0.41520268525690673,25
44,absolute_effect,tfidf_contrast,other_human_plus_surface,score_pref_struct,0.4658404337722695,25
44,absolute_effect,tfidf_contrast,stacked,score_pref_struct,0.5274980635166537,25
45,absolute_effect,compression_distilgpt2,other_human_targets,score_pref_struct,0.3527141382868937,25
45,absolute_effect,compression_distilgpt2,other_human_plus_surface,score_pref_struct,0.25615067079463366,25
45,absolute_effect,compression_distilgpt2,stacked,score_pref_struct,0.3490712074303406,25
45,absolute_effect,embedding_contrast,other_human_targets,score_pref_struct,0.04123839009287925,25
45,absolute_effect,embedding_contrast,other_human_plus_surface,score_pref_struct,0.047750257997936016,25
45,absolute_effect,embedding_contrast,stacked,score_pref_struct,0.027884416924664607,25
45,absolute_effect,tfidf_contrast,other_human_targets,score_pref_struct,0.1825593395252838,25
45,absolute_effect,tfidf_contrast,other_human_plus_surface,score_pref_struct,0.42729618163054695,25
45,absolute_effect,tfidf_contrast,stacked,score_pref_struct,0.47070175438596495,25
46,absolute_effect,compression_distilgpt2,other_human_targets,score_pref_struct,0.00502907352371108,25
46,absolute_effect,compression_distilgpt2,other_human_plus_surface,score_pref_struct,-0.024793901020803727,25
46,absolute_effect,compression_distilgpt2,stacked,score_pref_struct,0.1320222250936814,25
46,absolute_effect,embedding_contrast,other_human_targets,score_pref_struct,-0.04749450833441013,25
46,absolute_effect,embedding_contrast,other_human_plus_surface,score_pref_struct,0.05634319679545161,25
46,absolute_effect,embedding_contrast,stacked,score_pref_struct,0.3688280139552914,25
46,absolute_effect,tfidf_contrast,other_human_targets,score_pref_struct,-0.10438041090580179,25
46,absolute_effect,tfidf_contrast,other_human_plus_surface,score_pref_struct,-0.022530042641168112,25
46,absolute_effect,tfidf_contrast,stacked,score_pref_struct,-0.04947926088641944,25
47,absolute_effect,compression_distilgpt2,other_human_targets,score_pref_struct,0.29023603766284023,25
47,absolute_effect,compression_distilgpt2,other_human_plus_surface,score_pref_struct,0.2027550625564298,25
47,absolute_effect,compression_distilgpt2,stacked,score_pref_struct,0.265450793241326,25
47,absolute_effect,embedding_contrast,other_human_targets,score_pref_struct,0.18273700503031087,25
47,absolute_effect,embedding_contrast,other_human_plus_surface,score_pref_struct,0.2963240036115053,25
47,absolute_effect,embedding_contrast,stacked,score_pref_struct,0.20824455049658203,25
47,absolute_effect,tfidf_contrast,other_human_targets,score_pref_struct,-0.005474010060621703,25
47,absolute_effect,tfidf_contrast,other_human_plus_surface,score_pref_struct,0.04579904553076229,25
47,absolute_effect,tfidf_contrast,stacked,score_pref_struct,0.09568941055075456,25
48,absolute_effect,compression_distilgpt2,other_human_targets,score_pref_struct,-0.05522430510665804,25
48,absolute_effect,compression_distilgpt2,other_human_plus_surface,score_pref_struct,-0.05587588881706528,25
48,absolute_effect,compression_distilgpt2,stacked,score_pref_struct,-0.0950846800258565,25
48,absolute_effect,embedding_contrast,other_human_targets,score_pref_struct,0.00524886877828054,25
48,absolute_effect,embedding_contrast,other_human_plus_surface,score_pref_struct,-0.037383322559793146,25
48,absolute_effect,embedding_contrast,stacked,score_pref_struct,0.05842016806722688,25
48,absolute_effect,tfidf_contrast,other_human_targets,score_pref_struct,-0.00988235294117647,25
48,absolute_effect,tfidf_contrast,other_human_plus_surface,score_pref_struct,-0.0886929541047188,25
48,absolute_effect,tfidf_contrast,stacked,score_pref_struct,-0.026647705235940528,25
49,absolute_effect,compression_distilgpt2,other_human_targets,score_pref_struct,0.03196695921528136,25
49,absolute_effect,compression_distilgpt2,other_human_plus_surface,score_pref_struct,0.010758905524006199,25
49,absolute_effect,compression_distilgpt2,stacked,score_pref_struct,0.09683014971605573,25
49,absolute_effect,embedding_contrast,other_human_targets,score_pref_struct,-0.006484254001032523,25
49,absolute_effect,embedding_contrast,other_human_plus_surface,score_pref_struct,0.05416623644811563,25
49,absolute_effect,embedding_contrast,stacked,score_pref_struct,0.11984512132163137,25
49,absolute_effect,tfidf_contrast,other_human_targets,score_pref_struct,0.03834796076406814,25
49,absolute_effect,tfidf_contrast,other_human_plus_surface,score_pref_struct,0.074981930820857,25
49,absolute_effect,tfidf_contrast,stacked,score_pref_struct,0.163417656169334,25
50,absolute_effect,compression_distilgpt2,other_human_targets,score_pref_struct,0.2721888301302722,25
50,absolute_effect,compression_distilgpt2,other_human_plus_surface,score_pref_struct,0.17353282600283762,25
50,absolute_effect,compression_distilgpt2,stacked,score_pref_struct,0.18793757255256033,25
50,absolute_effect,embedding_contrast,other_human_targets,score_pref_struct,0.21741777376499422,25
50,absolute_effect,embedding_contrast,other_human_plus_surface,score_pref_struct,0.15309170643621828,25
50,absolute_effect,embedding_contrast,stacked,score_pref_struct,0.038369663356120215,25
50,absolute_effect,tfidf_contrast,other_human_targets,score_pref_struct,0.14727202373274864,25
50,absolute_effect,tfidf_contrast,other_human_plus_surface,score_pref_struct,0.07873597317167551,25
50,absolute_effect,tfidf_contrast,stacked,score_pref_struct,0.12098026570359861,25
51,absolute_effect,compression_distilgpt2,other_human_targets,score_pref_struct,0.2440649987103431,25
51,absolute_effect,compression_distilgpt2,other_human_plus_surface,score_pref_struct,0.04738715501676553,25
51,absolute_effect,compression_distilgpt2,stacked,score_pref_struct,0.060139282950735104,25
51,absolute_effect,embedding_contrast,other_human_targets,score_pref_struct,0.11320092855300491,25
51,absolute_effect,embedding_contrast,other_human_plus_surface,score_pref_struct,0.08695383028114521,25
51,absolute_effect,embedding_contrast,stacked,score_pref_struct,0.34547330410110916,25
51,absolute_effect,tfidf_contrast,other_human_targets,score_pref_struct,-0.10147020892442608,25
51,absolute_effect,tfidf_contrast,other_human_plus_surface,score_pref_struct,-0.0754604075315966,25
51,absolute_effect,tfidf_contrast,stacked,score_pref_struct,0.15782305906628838,25
52,absolute_effect,compression_distilgpt2,other_human_targets,score_pref_struct,0.3085374677002584,25
52,absolute_effect,compression_distilgpt2,other_human_plus_surface,score_pref_struct,0.13204134366925066,25
52,absolute_effect,compression_distilgpt2,stacked,score_pref_struct,0.2729819121447029,25
52,absolute_effect,embedding_contrast,other_human_targets,score_pref_struct,0.1266046511627907,25
52,absolute_effect,embedding_contrast,other_human_plus_surface,score_pref_struct,0.09671317829457367,25
52,absolute_effect,embedding_contrast,stacked,score_pref_struct,0.13429457364341085,25
52,absolute_effect,tfidf_contrast,other_human_targets,score_pref_struct,0.11643410852713182,25
52,absolute_effect,tfidf_contrast,other_human_plus_surface,score_pref_struct,0.22181912144702842,25
52,absolute_effect,tfidf_contrast,stacked,score_pref_struct,0.3710801033591732,25
53,absolute_effect,compression_distilgpt2,other_human_targets,score_pref_struct,0.19387392033002446,25
53,absolute_effect,compression_distilgpt2,other_human_plus_surface,score_pref_struct,0.17303081088049502,25
53,absolute_effect,compression_distilgpt2,stacked,score_pref_struct,0.17805337114863992,25
53,absolute_effect,embedding_contrast,other_human_targets,score_pref_struct,0.19423488462034288,25
53,absolute_effect,embedding_contrast,other_human_plus_surface,score_pref_struct,0.2449761505736754,25
53,absolute_effect,embedding_contrast,stacked,score_pref_struct,0.1527136779682867,25
53,absolute_effect,tfidf_contrast,other_human_targets,score_pref_struct,0.20584762150315838,25
53,absolute_effect,tfidf_contrast,other_human_plus_surface,score_pref_struct,0.17613510377723343,25
53,absolute_effect,tfidf_contrast,stacked,score_pref_struct,0.2893541317519659,25
54,absolute_effect,compression_distilgpt2,other_human_targets,score_pref_struct,0.22418796798347532,25
54,absolute_effect,compression_distilgpt2,other_human_plus_surface,score_pref_struct,0.07038471469145366,25
54,absolute_effect,compression_distilgpt2,stacked,score_pref_struct,0.24069197004905757,25
54,absolute_effect,embedding_contrast,other_human_targets,score_pref_struct,0.0799690162664601,25
54,absolute_effect,embedding_contrast,other_human_plus_surface,score_pref_struct,-0.12049573973663827,25
54,absolute_effect,embedding_contrast,stacked,score_pref_struct,-0.11655047766589208,25
54,absolute_effect,tfidf_contrast,other_human_targets,score_pref_struct,0.055440227214045956,25
54,absolute_effect,tfidf_contrast,other_human_plus_surface,score_pref_struct,0.018621223857474837,25
54,absolute_effect,tfidf_contrast,stacked,score_pref_struct,0.05879679834753421,25
55,absolute_effect,compression_distilgpt2,other_human_targets,score_pref_struct,0.09294451612903226,25
55,absolute_effect,compression_distilgpt2,other_human_plus_surface,score_pref_struct,0.12262193548387097,25
55,absolute_effect,compression_distilgpt2,stacked,score_pref_struct,0.23678967741935483,25
55,absolute_effect,embedding_contrast,other_human_targets,score_pref_struct,0.04245677419354839,25
55,absolute_effect,embedding_contrast,other_human_plus_surface,score_pref_struct,0.09385290322580644,25
55,absolute_effect,embedding_contrast,stacked,score_pref_struct,-0.0029832258064516146,25
55,absolute_effect,tfidf_contrast,other_human_targets,score_pref_struct,0.11858580645161292,25
55,absolute_effect,tfidf_contrast,other_human_plus_surface,score_pref_struct,0.1341625806451613,25
55,absolute_effect,tfidf_contrast,stacked,score_pref_struct,0.2545858064516129,25
56,absolute_effect,compression_distilgpt2,other_human_targets,score_pref_struct,0.40016014464677774,25
56,absolute_effect,compression_distilgpt2,other_human_plus_surface,score_pref_struct,0.32766111326359293,25
56,absolute_effect,compression_distilgpt2,stacked,score_pref_struct,0.4270644453054373,25
56,absolute_effect,embedding_contrast,other_human_targets,score_pref_struct,0.2199405915020018,25
56,absolute_effect,embedding_contrast,other_human_plus_surface,score_pref_struct,0.37197468681389645,25
56,absolute_effect,embedding_contrast,stacked,score_pref_struct,0.40771277282706964,25
56,absolute_effect,tfidf_contrast,other_human_targets,score_pref_struct,0.22531318610357748,25
56,absolute_effect,tfidf_contrast,other_human_plus_surface,score_pref_struct,0.2515045847862586,25
56,absolute_effect,tfidf_contrast,stacked,score_pref_struct,0.2617435102673382,25
57,absolute_effect,compression_distilgpt2,other_human_targets,score_pref_struct,0.37888616100271355,25
57,absolute_effect,compression_distilgpt2,other_human_plus_surface,score_pref_struct,0.23367876986690786,25
57,absolute_effect,compression_distilgpt2,stacked,score_pref_struct,0.2540845070422535,25
57,absolute_effect,embedding_contrast,other_human_targets,score_pref_struct,0.26407029331955034,25
57,absolute_effect,embedding_contrast,other_human_plus_surface,score_pref_struct,0.37306628763406124,25
57,absolute_effect,embedding_contrast,stacked,score_pref_struct,0.5076056338028169,25
57,absolute_effect,tfidf_contrast,other_human_targets,score_pref_struct,-0.01175862514536762,25
57,absolute_effect,tfidf_contrast,other_human_plus_surface,score_pref_struct,0.2686083473316966,25
57,absolute_effect,tfidf_contrast,stacked,score_pref_struct,0.43218503682646336,25
58,absolute_effect,compression_distilgpt2,other_human_targets,score_pref_struct,0.35916333118140736,25
58,absolute_effect,compression_distilgpt2,other_human_plus_surface,score_pref_struct,0.2889864428663654,25
58,absolute_effect,compression_distilgpt2,stacked,score_pref_struct,0.290463524854745,25
58,absolute_effect,embedding_contrast,other_human_targets,score_pref_struct,0.24697740477727564,25
58,absolute_effect,embedding_contrast,other_human_plus_surface,score_pref_struct,0.17768883150419626,25
58,absolute_effect,embedding_contrast,stacked,score_pref_struct,0.4158708844415752,25
58,absolute_effect,tfidf_contrast,other_human_targets,score_pref_struct,0.0032588766946417026,25
58,absolute_effect,tfidf_contrast,other_human_plus_surface,score_pref_struct,-0.13128986442866364,25
58,absolute_effect,tfidf_contrast,stacked,score_pref_struct,0.06438734667527438,25
59,absolute_effect,compression_distilgpt2,other_human_targets,score_pref_struct,0.22224113475177304,25
59,absolute_effect,compression_distilgpt2,other_human_plus_surface,score_pref_struct,0.12073243068987746,25
59,absolute_effect,compression_distilgpt2,stacked,score_pref_struct,0.02047195357833656,25
59,absolute_effect,embedding_contrast,other_human_targets,score_pref_struct,0.3351386202450032,25
59,absolute_effect,embedding_contrast,other_human_plus_surface,score_pref_struct,0.4044925854287556,25
59,absolute_effect,embedding_contrast,stacked,score_pref_struct,0.390308188265635,25
59,absolute_effect,tfidf_contrast,other_human_targets,score_pref_struct,0.21472082527401679,25
59,absolute_effect,tfidf_contrast,other_human_plus_surface,score_pref_struct,0.3235847840103159,25
59,absolute_effect,tfidf_contrast,stacked,score_pref_struct,0.23481624758220504,25
60,absolute_effect,compression_distilgpt2,other_human_targets,score_pref_struct,0.061316129032258075,25
60,absolute_effect,compression_distilgpt2,other_human_plus_surface,score_pref_struct,0.15347612903225807,25
60,absolute_effect,compression_distilgpt2,stacked,score_pref_struct,0.24794838709677422,25
60,absolute_effect,embedding_contrast,other_human_targets,score_pref_struct,0.11882322580645162,25
60,absolute_effect,embedding_contrast,other_human_plus_surface,score_pref_struct,0.12534709677419353,25
60,absolute_effect,embedding_contrast,stacked,score_pref_struct,0.22080000000000002,25
60,absolute_effect,tfidf_contrast,other_human_targets,score_pref_struct,0.03414709677419355,25
60,absolute_effect,tfidf_contrast,other_human_plus_surface,score_pref_struct,0.07892645161290324,25
60,absolute_effect,tfidf_contrast,stacked,score_pref_struct,0.3407793548387097,25
61,absolute_effect,compression_distilgpt2,other_human_targets,score_pref_struct,0.2725751903962824,25
61,absolute_effect,compression_distilgpt2,other_human_plus_surface,score_pref_struct,0.18971472828191557,25
61,absolute_effect,compression_distilgpt2,stacked,score_pref_struct,0.24641796824577256,25
61,absolute_effect,embedding_contrast,other_human_targets,score_pref_struct,0.08166774235187814,25
61,absolute_effect,embedding_contrast,other_human_plus_surface,score_pref_struct,0.133785981670324,25
61,absolute_effect,embedding_contrast,stacked,score_pref_struct,0.2212417710081322,25
61,absolute_effect,tfidf_contrast,other_human_targets,score_pref_struct,0.014544985155544077,25
61,absolute_effect,tfidf_contrast,other_human_plus_surface,score_pref_struct,0.17921259842519685,25
61,absolute_effect,tfidf_contrast,stacked,score_pref_struct,0.3140570543436169,25
62,absolute_effect,compression_distilgpt2,other_human_targets,score_pref_struct,0.19905117957973442,25
62,absolute_effect,compression_distilgpt2,other_human_plus_surface,score_pref_struct,0.2055588500709037,25
62,absolute_effect,compression_distilgpt2,stacked,score_pref_struct,0.2744411499290963,25
62,absolute_effect,embedding_contrast,other_human_targets,score_pref_struct,-0.13270594301920843,25
62,absolute_effect,embedding_contrast,other_human_plus_surface,score_pref_struct,0.07440505350006445,25
62,absolute_effect,embedding_contrast,stacked,score_pref_struct,0.15503416269176223,25
62,absolute_effect,tfidf_contrast,other_human_targets,score_pref_struct,-0.0026144127884491384,25
62,absolute_effect,tfidf_contrast,other_human_plus_surface,score_pref_struct,0.12269176227923165,25
62,absolute_effect,tfidf_contrast,stacked,score_pref_struct,0.25784710583988646,25
63,absolute_effect,compression_distilgpt2,other_human_targets,score_pref_struct,0.0008249548852797137,25
63,absolute_effect,compression_distilgpt2,other_human_plus_surface,score_pref_struct,-0.006475895849445734,25
63,absolute_effect,compression_distilgpt2,stacked,score_pref_struct,0.1831090487238979,25
63,absolute_effect,embedding_contrast,other_human_targets,score_pref_struct,0.0528796081464295,25
63,absolute_effect,embedding_contrast,other_human_plus_surface,score_pref_struct,0.12119618458365558,25
63,absolute_effect,embedding_contrast,stacked,score_pref_struct,0.42877030162412993,25
63,absolute_effect,tfidf_contrast,other_human_targets,score_pref_struct,-0.06302655323536994,25
63,absolute_effect,tfidf_contrast,other_human_plus_surface,score_pref_struct,-0.04081464294921372,25
63,absolute_effect,tfidf_contrast,stacked,score_pref_struct,0.154287187419438,25
64,absolute_effect,compression_distilgpt2,other_human_targets,score_pref_struct,0.435068493150685,25
64,absolute_effect,compression_distilgpt2,other_human_plus_surface,score_pref_struct,0.45499095373481524,25
64,absolute_effect,compression_distilgpt2,stacked,score_pref_struct,0.46919617472215036,25
64,absolute_effect,embedding_contrast,other_human_targets,score_pref_struct,-0.10963039545102093,25
64,absolute_effect,embedding_contrast,other_human_plus_surface,score_pref_struct,-0.1534246575342466,25
64,absolute_effect,embedding_contrast,stacked,score_pref_struct,0.03909020418712847,25
64,absolute_effect,tfidf_contrast,other_human_targets,score_pref_struct,-0.1485861979839752,25
64,absolute_effect,tfidf_contrast,other_human_plus_surface,score_pref_struct,-0.139426208322564,25
64,absolute_effect,tfidf_contrast,stacked,score_pref_struct,0.026466787283535794,25
65,absolute_effect,compression_distilgpt2,other_human_targets,score_pref_struct,0.26569181173436496,25
65,absolute_effect,compression_distilgpt2,other_human_plus_surface,score_pref_struct,0.18062669245647972,25
65,absolute_effect,compression_distilgpt2,stacked,score_pref_struct,0.017439071566731138,25
65,absolute_effect,embedding_contrast,other_human_targets,score_pref_struct,0.162274661508704,25
65,absolute_effect,embedding_contrast,other_human_plus_surface,score_pref_struct,0.16247066408768532,25
65,absolute_effect,embedding_contrast,stacked,score_pref_struct,0.058341715022566076,25
65,absolute_effect,tfidf_contrast,other_human_targets,score_pref_struct,-0.03232495164410058,25
65,absolute_effect,tfidf_contrast,other_human_plus_surface,score_pref_struct,-0.03075693101225016,25
65,absolute_effect,tfidf_contrast,stacked,score_pref_struct,-0.09140425531914895,25
66,absolute_effect,compression_distilgpt2,other_human_targets,score_pref_struct,0.1009258542875564,25
66,absolute_effect,compression_distilgpt2,other_human_plus_surface,score_pref_struct,0.117926499032882,25
66,absolute_effect,compression_distilgpt2,stacked,score_pref_struct,0.2551901998710509,25
66,absolute_effect,embedding_contrast,other_human_targets,score_pref_struct,0.08391489361702127,25
66,absolute_effect,embedding_contrast,other_human_plus_surface,score_pref_struct,0.047963894261766594,25
66,absolute_effect,embedding_contrast,stacked,score_pref_struct,0.23015344938749194,25
66,absolute_effect,tfidf_contrast,other_human_targets,score_pref_struct,-0.01831592520954223,25
66,absolute_effect,tfidf_contrast,other_human_plus_surface,score_pref_struct,-0.024814958091553832,25
66,absolute_effect,tfidf_contrast,stacked,score_pref_struct,0.2104809800128949,25
67,absolute_effect,compression_distilgpt2,other_human_targets,score_pref_struct,0.19816329162904686,25
67,absolute_effect,compression_distilgpt2,other_human_plus_surface,score_pref_struct,0.24380239907132725,25
67,absolute_effect,compression_distilgpt2,stacked,score_pref_struct,0.3337185605572037,25
67,absolute_effect,embedding_contrast,other_human_targets,score_pref_struct,0.009694311879272532,25
67,absolute_effect,embedding_contrast,other_human_plus_surface,score_pref_struct,0.32466916032503546,25
67,absolute_effect,embedding_contrast,stacked,score_pref_struct,0.312193989423449,25
67,absolute_effect,tfidf_contrast,other_human_targets,score_pref_struct,-0.1341055075454663,25
67,absolute_effect,tfidf_contrast,other_human_plus_surface,score_pref_struct,-0.033994582742164325,25
67,absolute_effect,tfidf_contrast,stacked,score_pref_struct,0.0017077260415323057,25
68,absolute_effect,compression_distilgpt2,other_human_targets,score_pref_struct,0.24443986077091653,25
68,absolute_effect,compression_distilgpt2,other_human_plus_surface,score_pref_struct,0.2930153409823385,25
68,absolute_effect,compression_distilgpt2,stacked,score_pref_struct,0.4423514245197884,25
68,absolute_effect,embedding_contrast,other_human_targets,score_pref_struct,0.0769318035322934,25
68,absolute_effect,embedding_contrast,other_human_plus_surface,score_pref_struct,0.1397189635168235,25
68,absolute_effect,embedding_contrast,stacked,score_pref_struct,0.23081603712775553,25
68,absolute_effect,tfidf_contrast,other_human_targets,score_pref_struct,-0.03713291220832795,25
68,absolute_effect,tfidf_contrast,other_human_plus_surface,score_pref_struct,0.06834085342271497,25
68,absolute_effect,tfidf_contrast,stacked,score_pref_struct,0.3495629753770787,25
69,absolute_effect,compression_distilgpt2,other_human_targets,score_pref_struct,-0.20701100323624594,25
69,absolute_effect,compression_distilgpt2,other_human_plus_surface,score_pref_struct,-0.07706407766990289,25
69,absolute_effect,compression_distilgpt2,stacked,score_pref_struct,-0.041139158576051764,25
69,absolute_effect,embedding_contrast,other_human_targets,score_pref_struct,-0.03527766990291262,25
69,absolute_effect,embedding_contrast,other_human_plus_surface,score_pref_struct,0.02724142394822006,25
69,absolute_effect,embedding_contrast,stacked,score_pref_struct,0.20632750809061484,25
69,absolute_effect,tfidf_contrast,other_human_targets,score_pref_struct,-0.04149126213592233,25
69,absolute_effect,tfidf_contrast,other_human_plus_surface,score_pref_struct,-0.12794304207119742,25
69,absolute_effect,tfidf_contrast,stacked,score_pref_struct,-0.11895404530744334,25
70,absolute_effect,compression_distilgpt2,other_human_targets,score_pref_struct,0.44688427299703265,25
70,absolute_effect,compression_distilgpt2,other_human_plus_surface,score_pref_struct,0.2621029544574893,25
70,absolute_effect,compression_distilgpt2,stacked,score_pref_struct,0.30733066701070827,25
70,absolute_effect,embedding_contrast,other_human_targets,score_pref_struct,0.3176519158818217,25
70,absolute_effect,embedding_contrast,other_human_plus_surface,score_pref_struct,0.29205521868146045,25
70,absolute_effect,embedding_contrast,stacked,score_pref_struct,0.2961217907366791,25
70,absolute_effect,tfidf_contrast,other_human_targets,score_pref_struct,0.19897819636175978,25
70,absolute_effect,tfidf_contrast,other_human_plus_surface,score_pref_struct,0.04925816023738872,25
70,absolute_effect,tfidf_contrast,stacked,score_pref_struct,0.1621106953941427,25
71,absolute_effect,compression_distilgpt2,other_human_targets,score_pref_struct,0.09336084601496002,25
71,absolute_effect,compression_distilgpt2,other_human_plus_surface,score_pref_struct,0.11807067320092855,25
71,absolute_effect,compression_distilgpt2,stacked,score_pref_struct,0.34012896569512513,25
71,absolute_effect,embedding_contrast,other_human_targets,score_pref_struct,0.12379675006448286,25
71,absolute_effect,embedding_contrast,other_human_plus_surface,score_pref_struct,0.07776115553262833,25
71,absolute_effect,embedding_contrast,stacked,score_pref_struct,0.3726180036110395,25
71,absolute_effect,tfidf_contrast,other_human_targets,score_pref_struct,0.06635027082795977,25
71,absolute_effect,tfidf_contrast,other_human_plus_surface,score_pref_struct,0.00023729687903017993,25
71,absolute_effect,tfidf_contrast,stacked,score_pref_struct,0.3468042300748001,25
72,absolute_effect,compression_distilgpt2,other_human_targets,score_pref_struct,0.24495739736638264,25
72,absolute_effect,compression_distilgpt2,other_human_plus_surface,score_pref_struct,0.21097856958430156,25
72,absolute_effect,compression_distilgpt2,stacked,score_pref_struct,0.34608830364058873,25
72,absolute_effect,embedding_contrast,other_human_targets,score_pref_struct,0.4041414923831655,25
72,absolute_effect,embedding_contrast,other_human_plus_surface,score_pref_struct,0.34752388329460365,25
72,absolute_effect,embedding_contrast,stacked,score_pref_struct,0.47656080557707203,25
72,absolute_effect,tfidf_contrast,other_human_targets,score_pref_struct,0.26101729925122646,25
72,absolute_effect,tfidf_contrast,other_human_plus_surface,score_pref_struct,0.4030054221533695,25
72,absolute_effect,tfidf_contrast,stacked,score_pref_struct,0.5050968241673122,25
73,absolute_effect,compression_distilgpt2,other_human_targets,score_pref_struct,0.1695174193548387,25
73,absolute_effect,compression_distilgpt2,other_human_plus_surface,score_pref_struct,0.18273032258064517,25
73,absolute_effect,compression_distilgpt2,stacked,score_pref_struct,0.05917935483870968,25
73,absolute_effect,embedding_contrast,other_human_targets,score_pref_struct,0.2892593548387097,25
73,absolute_effect,embedding_contrast,other_human_plus_surface,score_pref_struct,0.22316387096774196,25
73,absolute_effect,embedding_contrast,stacked,score_pref_struct,0.11167999999999999,25
73,absolute_effect,tfidf_contrast,other_human_targets,score_pref_struct,0.07247483870967743,25
73,absolute_effect,tfidf_contrast,other_human_plus_surface,score_pref_struct,0.05882838709677419,25
73,absolute_effect,tfidf_contrast,stacked,score_pref_struct,-0.10144,25
74,absolute_effect,compression_distilgpt2,other_human_targets,score_pref_struct,0.1992675693101225,25
74,absolute_effect,compression_distilgpt2,other_human_plus_surface,score_pref_struct,0.10440232108317214,25
74,absolute_effect,compression_distilgpt2,stacked,score_pref_struct,0.1657511283043198,25
74,absolute_effect,embedding_contrast,other_human_targets,score_pref_struct,0.30818310767246937,25
74,absolute_effect,embedding_contrast,other_human_plus_surface,score_pref_struct,0.36313604126370086,25
74,absolute_effect,embedding_contrast,stacked,score_pref_struct,0.39653900709219864,25
74,absolute_effect,tfidf_contrast,other_human_targets,score_pref_struct,0.11403739522888459,25
74,absolute_effect,tfidf_contrast,other_human_plus_surface,score_pref_struct,0.14600644745325594,25
74,absolute_effect,tfidf_contrast,stacked,score_pref_struct,0.18883816892327532,25
75,absolute_effect,compression_distilgpt2,other_human_targets,score_pref_struct,0.22377402295885468,25
75,absolute_effect,compression_distilgpt2,other_human_plus_surface,score_pref_struct,0.1779182252031472,25
75,absolute_effect,compression_distilgpt2,stacked,score_pref_struct,0.2332774409905843,25
75,absolute_effect,embedding_contrast,other_human_targets,score_pref_struct,0.21247517090158652,25
75,absolute_effect,embedding_contrast,other_human_plus_surface,score_pref_struct,0.3754366051850897,25
75,absolute_effect,embedding_contrast,stacked,score_pref_struct,0.47212175931897343,25
75,absolute_effect,tfidf_contrast,other_human_targets,score_pref_struct,0.0053811427834386735,25
75,absolute_effect,tfidf_contrast,other_human_plus_surface,score_pref_struct,0.11311750290210243,25
75,absolute_effect,tfidf_contrast,stacked,score_pref_struct,0.21768605701018967,25
76,absolute_effect,compression_distilgpt2,other_human_targets,score_pref_struct,0.4240681466184821,25
76,absolute_effect,compression_distilgpt2,other_human_plus_surface,score_pref_struct,0.25474445018069175,25
76,absolute_effect,compression_distilgpt2,stacked,score_pref_struct,0.3181827568404749,25
76,absolute_effect,embedding_contrast,other_human_targets,score_pref_struct,0.24897263810015488,25
76,absolute_effect,embedding_contrast,other_human_plus_surface,score_pref_struct,0.19990707279297884,25
76,absolute_effect,embedding_contrast,stacked,score_pref_struct,0.09572534847702632,25
76,absolute_effect,tfidf_contrast,other_human_targets,score_pref_struct,0.05674754775425916,25
76,absolute_effect,tfidf_contrast,other_human_plus_surface,score_pref_struct,0.13005678884873512,25
76,absolute_effect,tfidf_contrast,stacked,score_pref_struct,0.19412493546721732,25
77,absolute_effect,compression_distilgpt2,other_human_targets,score_pref_struct,-0.045282434872323966,25
77,absolute_effect,compression_distilgpt2,other_human_plus_surface,score_pref_struct,-0.014485426876450871,25
77,absolute_effect,compression_distilgpt2,stacked,score_pref_struct,-0.004095950477173081,25
77,absolute_effect,embedding_contrast,other_human_targets,score_pref_struct,0.060861490843435645,25
77,absolute_effect,embedding_contrast,other_human_plus_surface,score_pref_struct,0.04817126644312612,25
77,absolute_effect,embedding_contrast,stacked,score_pref_struct,0.07076605622904308,25
77,absolute_effect,tfidf_contrast,other_human_targets,score_pref_struct,-0.010822801134898115,25
77,absolute_effect,tfidf_contrast,other_human_plus_surface,score_pref_struct,0.011441836471498584,25
77,absolute_effect,tfidf_contrast,stacked,score_pref_struct,0.048614908434356466,25
78,absolute_effect,compression_distilgpt2,other_human_targets,score_pref_struct,0.28013434956723937,25
78,absolute_effect,compression_distilgpt2,other_human_plus_surface,score_pref_struct,0.24938896783361325,25
78,absolute_effect,compression_distilgpt2,stacked,score_pref_struct,0.42681307324635065,25
78,absolute_effect,embedding_contrast,other_human_targets,score_pref_struct,0.20659346337682472,25
78,absolute_effect,embedding_contrast,other_human_plus_surface,score_pref_struct,0.2719700297119235,25
78,absolute_effect,embedding_contrast,stacked,score_pref_struct,0.04171554062782588,25
78,absolute_effect,tfidf_contrast,other_human_targets,score_pref_struct,0.21980105929466479,25
78,absolute_effect,tfidf_contrast,other_human_plus_surface,score_pref_struct,0.37393101666451367,25
78,absolute_effect,tfidf_contrast,stacked,score_pref_struct,0.2947991215605219,25
79,absolute_effect,compression_distilgpt2,other_human_targets,score_pref_struct,0.20877759132567444,25
79,absolute_effect,compression_distilgpt2,other_human_plus_surface,score_pref_struct,0.16285529882535177,25
79,absolute_effect,compression_distilgpt2,stacked,score_pref_struct,0.3311372144055764,25
79,absolute_effect,embedding_contrast,other_human_targets,score_pref_struct,0.21121466374080292,25
79,absolute_effect,embedding_contrast,other_human_plus_surface,score_pref_struct,0.5115631857493224,25
79,absolute_effect,embedding_contrast,stacked,score_pref_struct,0.320552471924616,25
79,absolute_effect,tfidf_contrast,other_human_targets,score_pref_struct,0.07721698722085969,25
79,absolute_effect,tfidf_contrast,other_human_plus_surface,score_pref_struct,0.26040015489867047,25
79,absolute_effect,tfidf_contrast,stacked,score_pref_struct,0.11390731896217891,25
80,absolute_effect,compression_distilgpt2,other_human_targets,score_pref_struct,0.07498710675605981,25
80,absolute_effect,compression_distilgpt2,other_human_plus_surface,score_pref_struct,0.04129963898916967,25
80,absolute_effect,compression_distilgpt2,stacked,score_pref_struct,0.23645177926766373,25
80,absolute_effect,embedding_contrast,other_human_targets,score_pref_struct,-0.004528107271789585,25
80,absolute_effect,embedding_contrast,other_human_plus_surface,score_pref_struct,0.10378545642083548,25
80,absolute_effect,embedding_contrast,stacked,score_pref_struct,0.17629706034038162,25
80,absolute_effect,tfidf_contrast,other_human_targets,score_pref_struct,0.06334192882929343,25
80,absolute_effect,tfidf_contrast,other_human_plus_surface,score_pref_struct,0.14953068592057758,25
80,absolute_effect,tfidf_contrast,stacked,score_pref_struct,0.31936049510056724,25
81,absolute_effect,compression_distilgpt2,other_human_targets,score_pref_struct,0.42599896747547755,25
81,absolute_effect,compression_distilgpt2,other_human_plus_surface,score_pref_struct,0.387733608673206,25
81,absolute_effect,compression_distilgpt2,stacked,score_pref_struct,0.3710376871450697,25
81,absolute_effect,embedding_contrast,other_human_targets,score_pref_struct,0.024646360351058334,25
81,absolute_effect,embedding_contrast,other_human_plus_surface,score_pref_struct,0.07988642230252968,25
81,absolute_effect,embedding_contrast,stacked,score_pref_struct,0.13934950955085182,25
81,absolute_effect,tfidf_contrast,other_human_targets,score_pref_struct,0.008456375838926177,25
81,absolute_effect,tfidf_contrast,other_human_plus_surface,score_pref_struct,-0.03554981930820856,25
81,absolute_effect,tfidf_contrast,stacked,score_pref_struct,0.06484254001032523,25
82,absolute_effect,compression_distilgpt2,other_human_targets,score_pref_struct,0.1286639989673422,25
82,absolute_effect,compression_distilgpt2,other_human_plus_surface,score_pref_struct,0.10407641667742352,25
82,absolute_effect,compression_distilgpt2,stacked,score_pref_struct,0.2389621789079644,25
82,absolute_effect,embedding_contrast,other_human_targets,score_pref_struct,0.10871305021298569,25
82,absolute_effect,embedding_contrast,other_human_plus_surface,score_pref_struct,0.19917387375758355,25
82,absolute_effect,embedding_contrast,stacked,score_pref_struct,0.25843810507293147,25
82,absolute_effect,tfidf_contrast,other_human_targets,score_pref_struct,-0.05213372918549115,25
82,absolute_effect,tfidf_contrast,other_human_plus_surface,score_pref_struct,0.12486381825222669,25
82,absolute_effect,tfidf_contrast,stacked,score_pref_struct,0.1548418742739125,25
83,absolute_effect,compression_distilgpt2,other_human_targets,score_pref_struct,0.2019403947877693,25
83,absolute_effect,compression_distilgpt2,other_human_plus_surface,score_pref_struct,0.19142304218810474,25
83,absolute_effect,compression_distilgpt2,stacked,score_pref_struct,0.1055502515804412,25
83,absolute_effect,embedding_contrast,other_human_targets,score_pref_struct,0.20716294671655267,25
83,absolute_effect,embedding_contrast,other_human_plus_surface,score_pref_struct,0.20588311185653463,25
83,absolute_effect,embedding_contrast,stacked,score_pref_struct,0.2377448071216617,25
83,absolute_effect,tfidf_contrast,other_human_targets,score_pref_struct,0.19172235840536703,25
83,absolute_effect,tfidf_contrast,other_human_plus_surface,score_pref_struct,0.23186169526512707,25
83,absolute_effect,tfidf_contrast,stacked,score_pref_struct,0.31323442136498514,25
84,absolute_effect,compression_distilgpt2,other_human_targets,score_pref_struct,0.09881745416989414,25
84,absolute_effect,compression_distilgpt2,other_human_plus_surface,score_pref_struct,-0.11626129615285308,25
84,absolute_effect,compression_distilgpt2,stacked,score_pref_struct,0.119142783372063,25
84,absolute_effect,embedding_contrast,other_human_targets,score_pref_struct,-0.043635424735347275,25
84,absolute_effect,embedding_contrast,other_human_plus_surface,score_pref_struct,0.004234443583785181,25
84,absolute_effect,embedding_contrast,stacked,score_pref_struct,-0.08057836302607795,25
84,absolute_effect,tfidf_contrast,other_human_targets,score_pref_struct,0.028536018590240114,25
84,absolute_effect,tfidf_contrast,other_human_plus_surface,score_pref_struct,0.026656338755486706,25
84,absolute_effect,tfidf_contrast,stacked,score_pref_struct,0.10384714691453655,25
85,absolute_effect,compression_distilgpt2,other_human_targets,score_pref_struct,0.2792057761732851,25
85,absolute_effect,compression_distilgpt2,other_human_plus_surface,score_pref_struct,0.2644662197008767,25
85,absolute_effect,compression_distilgpt2,stacked,score_pref_struct,0.4018875709128416,25
85,absolute_effect,embedding_contrast,other_human_targets,score_pref_struct,0.18132026817947394,25
85,absolute_effect,embedding_contrast,other_human_plus_surface,score_pref_struct,0.18896338318720984,25
85,absolute_effect,embedding_contrast,stacked,score_pref_struct,0.25339865910263015,25
85,absolute_effect,tfidf_contrast,other_human_targets,score_pref_struct,0.22926250644662194,25
85,absolute_effect,tfidf_contrast,other_human_plus_surface,score_pref_struct,0.2607013924703455,25
85,absolute_effect,tfidf_contrast,stacked,score_pref_struct,0.327354306343476,25
86,absolute_effect,compression_distilgpt2,other_human_targets,score_pref_struct,0.26019842803762405,25
86,absolute_effect,compression_distilgpt2,other_human_plus_surface,score_pref_struct,0.23282051282051286,25
86,absolute_effect,compression_distilgpt2,stacked,score_pref_struct,0.289132843705708,25
86,absolute_effect,embedding_contrast,other_human_targets,score_pref_struct,-0.00889060688055663,25
86,absolute_effect,embedding_contrast,other_human_plus_surface,score_pref_struct,0.10365159128978224,25
86,absolute_effect,embedding_contrast,stacked,score_pref_struct,0.14107975776317486,25
86,absolute_effect,tfidf_contrast,other_human_targets,score_pref_struct,0.17088004123180003,25
86,absolute_effect,tfidf_contrast,other_human_plus_surface,score_pref_struct,0.2673521453420951,25
86,absolute_effect,tfidf_contrast,stacked,score_pref_struct,0.3095013529184384,25
87,absolute_effect,compression_distilgpt2,other_human_targets,score_pref_struct,0.2943081882656351,25
87,absolute_effect,compression_distilgpt2,other_human_plus_surface,score_pref_struct,0.30818310767246937,25
87,absolute_effect,compression_distilgpt2,stacked,score_pref_struct,0.40205802707930366,25
87,absolute_effect,embedding_contrast,other_human_targets,score_pref_struct,-0.14788394584139267,25
87,absolute_effect,embedding_contrast,other_human_plus_surface,score_pref_struct,-0.02990070921985815,25
87,absolute_effect,embedding_contrast,stacked,score_pref_struct,0.06409800128949064,25
87,absolute_effect,tfidf_contrast,other_human_targets,score_pref_struct,-0.000139264990328824,25
87,absolute_effect,tfidf_contrast,other_human_plus_surface,score_pref_struct,0.15643584784010317,25
87,absolute_effect,tfidf_contrast,stacked,score_pref_struct,0.2864990328820116,25
88,absolute_effect,compression_distilgpt2,other_human_targets,score_pref_struct,0.09878772246582407,25
88,absolute_effect,compression_distilgpt2,other_human_plus_surface,score_pref_struct,0.06123291204539593,25
88,absolute_effect,compression_distilgpt2,stacked,score_pref_struct,0.1724013412432293,25
88,absolute_effect,embedding_contrast,other_human_targets,score_pref_struct,-0.03904049522826928,25
88,absolute_effect,embedding_contrast,other_human_plus_surface,score_pref_struct,-0.03371679133350529,25
88,absolute_effect,embedding_contrast,stacked,score_pref_struct,0.102687645086407,25
88,absolute_effect,tfidf_contrast,other_human_targets,score_pref_struct,0.11296363167397473,25
88,absolute_effect,tfidf_contrast,other_human_plus_surface,score_pref_struct,0.057621872581893226,25
88,absolute_effect,tfidf_contrast,stacked,score_pref_struct,0.22141862264637605,25
89,absolute_effect,compression_distilgpt2,other_human_targets,score_pref_struct,0.24472985170857509,25
89,absolute_effect,compression_distilgpt2,other_human_plus_surface,score_pref_struct,0.2462153449387492,25
89,absolute_effect,compression_distilgpt2,stacked,score_pref_struct,0.21202836879432624,25
89,absolute_effect,embedding_contrast,other_human_targets,score_pref_struct,0.2748007736943907,25
89,absolute_effect,embedding_contrast,other_human_plus_surface,score_pref_struct,0.23762217923920054,25
89,absolute_effect,embedding_contrast,stacked,score_pref_struct,0.2776686009026434,25
89,absolute_effect,tfidf_contrast,other_human_targets,score_pref_struct,0.16617408123791105,25
89,absolute_effect,tfidf_contrast,other_human_plus_surface,score_pref_struct,0.15614700193423597,25
89,absolute_effect,tfidf_contrast,stacked,score_pref_struct,0.35929851708575106,25
90,absolute_effect,compression_distilgpt2,other_human_targets,score_pref_struct,0.20233410792667184,25
90,absolute_effect,compression_distilgpt2,other_human_plus_surface,score_pref_struct,0.17493415956622774,25
90,absolute_effect,compression_distilgpt2,stacked,score_pref_struct,0.10675961786728635,25
90,absolute_effect,embedding_contrast,other_human_targets,score_pref_struct,0.3296565969532662,25
90,absolute_effect,embedding_contrast,other_human_plus_surface,score_pref_struct,0.28479215078750325,25
90,absolute_effect,embedding_contrast,stacked,score_pref_struct,0.2988381099922541,25
90,absolute_effect,tfidf_contrast,other_human_targets,score_pref_struct,0.11930802995094243,25
90,absolute_effect,tfidf_contrast,other_human_plus_surface,score_pref_struct,0.14873224890265943,25
90,absolute_effect,tfidf_contrast,stacked,score_pref_struct,0.13770203976245804,25
91,absolute_effect,compression_distilgpt2,other_human_targets,score_pref_struct,0.35525406241939644,25
91,absolute_effect,compression_distilgpt2,other_human_plus_surface,score_pref_struct,0.16258963115811195,25
91,absolute_effect,compression_distilgpt2,stacked,score_pref_struct,0.2450554552489038,25
91,absolute_effect,embedding_contrast,other_human_targets,score_pref_struct,0.18296621098787721,25
91,absolute_effect,embedding_contrast,other_human_plus_surface,score_pref_struct,0.044126902244003105,25
91,absolute_effect,embedding_contrast,stacked,score_pref_struct,0.10933195769925201,25
91,absolute_effect,tfidf_contrast,other_human_targets,score_pref_struct,-0.043126128449832345,25
91,absolute_effect,tfidf_contrast,other_human_plus_surface,score_pref_struct,0.03731751354139799,25
91,absolute_effect,tfidf_contrast,stacked,score_pref_struct,0.11857621872581893,25
92,absolute_effect,compression_distilgpt2,other_human_targets,score_pref_struct,0.21890552400619512,25
92,absolute_effect,compression_distilgpt2,other_human_plus_surface,score_pref_struct,0.25805885389778,25
92,absolute_effect,compression_distilgpt2,stacked,score_pref_struct,0.19591120289106867,25
92,absolute_effect,embedding_contrast,other_human_targets,score_pref_struct,0.22077439339184302,25
92,absolute_effect,embedding_contrast,other_human_plus_surface,score_pref_struct,0.32218895198760966,25
92,absolute_effect,embedding_contrast,stacked,score_pref_struct,0.24245740836344862,25
92,absolute_effect,tfidf_contrast,other_human_targets,score_pref_struct,0.03220443985544656,25
92,absolute_effect,tfidf_contrast,other_human_plus_surface,score_pref_struct,0.11665462054723799,25
92,absolute_effect,tfidf_contrast,stacked,score_pref_struct,-0.2769747031491998,25
93,absolute_effect,compression_distilgpt2,other_human_targets,score_pref_struct,0.016065192083818403,25
93,absolute_effect,compression_distilgpt2,other_human_plus_surface,score_pref_struct,0.06217565644806624,25
93,absolute_effect,compression_distilgpt2,stacked,score_pref_struct,0.37417669124304753,25
93,absolute_effect,embedding_contrast,other_human_targets,score_pref_struct,-0.17257793299702498,25
93,absolute_effect,embedding_contrast,other_human_plus_surface,score_pref_struct,-0.07788384426335533,25
93,absolute_effect,embedding_contrast,stacked,score_pref_struct,0.5126529556331652,25
93,absolute_effect,tfidf_contrast,other_human_targets,score_pref_struct,-0.06103738196869747,25
93,absolute_effect,tfidf_contrast,other_human_plus_surface,score_pref_struct,0.008045530979174759,25
93,absolute_effect,tfidf_contrast,stacked,score_pref_struct,0.4714681153796405,25
94,absolute_effect,compression_distilgpt2,other_human_targets,score_pref_struct,0.3830237358101135,25
94,absolute_effect,compression_distilgpt2,other_human_plus_surface,score_pref_struct,0.3988957688338494,25
94,absolute_effect,compression_distilgpt2,stacked,score_pref_struct,0.43458204334365325,25
94,absolute_effect,embedding_contrast,other_human_targets,score_pref_struct,0.28559339525283794,25
94,absolute_effect,embedding_contrast,other_human_plus_surface,score_pref_struct,0.358328173374613,25
94,absolute_effect,embedding_contrast,stacked,score_pref_struct,0.20874097007223946,25
94,absolute_effect,tfidf_contrast,other_human_targets,score_pref_struct,0.17524251805985552,25
94,absolute_effect,tfidf_contrast,other_human_plus_surface,score_pref_struct,0.20217750257997935,25
94,absolute_effect,tfidf_contrast,stacked,score_pref_struct,0.1303611971104231,25
95,absolute_effect,compression_distilgpt2,other_human_targets,score_pref_struct,0.062294573643410865,25
95,absolute_effect,compression_distilgpt2,other_human_plus_surface,score_pref_struct,0.004413436692506457,25
95,absolute_effect,compression_distilgpt2,stacked,score_pref_struct,0.07375710594315248,25
95,absolute_effect,embedding_contrast,other_human_targets,score_pref_struct,0.02806201550387598,25
95,absolute_effect,embedding_contrast,other_human_plus_surface,score_pref_struct,0.08106459948320416,25
95,absolute_effect,embedding_contrast,stacked,score_pref_struct,0.2874935400516796,25
95,absolute_effect,tfidf_contrast,other_human_targets,score_pref_struct,0.12132299741602068,25
95,absolute_effect,tfidf_contrast,other_human_plus_surface,score_pref_struct,0.22688372093023257,25
95,absolute_effect,tfidf_contrast,stacked,score_pref_struct,0.08606718346253231,25
96,absolute_effect,compression_distilgpt2,other_human_targets,score_pref_struct,0.2815370728562218,25
96,absolute_effect,compression_distilgpt2,other_human_plus_surface,score_pref_struct,0.3960644745325596,25
96,absolute_effect,compression_distilgpt2,stacked,score_pref_struct,0.32156286266924566,25
96,absolute_effect,embedding_contrast,other_human_targets,score_pref_struct,-0.026919406834300448,25
96,absolute_effect,embedding_contrast,other_human_plus_surface,score_pref_struct,0.09164152159896838,25
96,absolute_effect,embedding_contrast,stacked,score_pref_struct,0.02773436492585429,25
96,absolute_effect,tfidf_contrast,other_human_targets,score_pref_struct,0.08289361702127658,25
96,absolute_effect,tfidf_contrast,other_human_plus_surface,score_pref_struct,0.2075203094777563,25
96,absolute_effect,tfidf_contrast,stacked,score_pref_struct,0.24026305609284332,25
97,absolute_effect,compression_distilgpt2,other_human_targets,score_pref_struct,0.16039736808153784,25
97,absolute_effect,compression_distilgpt2,other_human_plus_surface,score_pref_struct,0.19973164752935102,25
97,absolute_effect,compression_distilgpt2,stacked,score_pref_struct,0.21825828925299956,25
97,absolute_effect,embedding_contrast,other_human_targets,score_pref_struct,0.2126022448716295,25
97,absolute_effect,embedding_contrast,other_human_plus_surface,score_pref_struct,0.292932524835505,25
97,absolute_effect,embedding_contrast,stacked,score_pref_struct,0.36792671913301506,25
97,absolute_effect,tfidf_contrast,other_human_targets,score_pref_struct,0.17266933298929169,25
97,absolute_effect,tfidf_contrast,other_human_plus_surface,score_pref_struct,0.12846342407431297,25
97,absolute_effect,tfidf_contrast,stacked,score_pref_struct,0.19158818217004256,25
98,absolute_effect,compression_distilgpt2,other_human_targets,score_pref_struct,0.22118863049095613,25
98,absolute_effect,compression_distilgpt2,other_human_plus_surface,score_pref_struct,0.04428940568475452,25
98,absolute_effect,compression_distilgpt2,stacked,score_pref_struct,0.03970025839793283,25
98,absolute_effect,embedding_contrast,other_human_targets,score_pref_struct,0.12624289405684755,25
98,absolute_effect,embedding_contrast,other_human_plus_surface,score_pref_struct,0.07203100775193799,25
98,absolute_effect,embedding_contrast,stacked,score_pref_struct,0.10973643410852714,25
98,absolute_effect,tfidf_contrast,other_human_targets,score_pref_struct,-0.09363307493540052,25
98,absolute_effect,tfidf_contrast,other_human_plus_surface,score_pref_struct,0.01165891472868217,25
98,absolute_effect,tfidf_contrast,stacked,score_pref_struct,-0.029395348837209307,25
99,absolute_effect,compression_distilgpt2,other_human_targets,score_pref_struct,0.05892728210417741,25
99,absolute_effect,compression_distilgpt2,other_human_plus_surface,score_pref_struct,0.1908406395048994,25
99,absolute_effect,compression_distilgpt2,stacked,score_pref_struct,0.3306137184115523,25
99,absolute_effect,embedding_contrast,other_human_targets,score_pref_struct,0.16191851469829807,25
99,absolute_effect,embedding_contrast,other_human_plus_surface,score_pref_struct,0.05437854564208353,25
99,absolute_effect,embedding_contrast,stacked,score_pref_struct,0.4339659618359979,25
99,absolute_effect,tfidf_contrast,other_human_targets,score_pref_struct,0.3052294997421351,25
99,absolute_effect,tfidf_contrast,other_human_plus_surface,score_pref_struct,0.23679216090768432,25
99,absolute_effect,tfidf_contrast,stacked,score_pref_struct,0.3483238782877771,25
