readout,metric,source_score_col,feature_set,rho,p_value,n_items,fold_seed,seed,source_file
compression,score_pref_raw,v_pref_raw,none,0.12542658728178582,0.46607117459109526,36,101,17,vscore_distilgpt2_prefcontrast_kfold_surface_chaudhuri_Surprise_foldseed101_seed17_dn8.csv
compression,score_pref_raw,v_pref_raw,other_human_targets,0.03088803088803089,0.8580710885452416,36,101,17,vscore_distilgpt2_prefcontrast_kfold_surface_chaudhuri_Surprise_foldseed101_seed17_dn8.csv
compression,score_pref_raw,v_pref_raw,other_human_plus_surface,-0.03835263835263836,0.8242545635746613,36,101,17,vscore_distilgpt2_prefcontrast_kfold_surface_chaudhuri_Surprise_foldseed101_seed17_dn8.csv
compression,score_pref_struct,v_pref_struct,none,0.3474342222651521,0.037874564037113076,36,101,17,vscore_distilgpt2_prefcontrast_kfold_surface_chaudhuri_Surprise_foldseed101_seed17_dn8.csv
compression,score_pref_struct,v_pref_struct,other_human_targets,0.1070785070785071,0.5342125799749,36,101,17,vscore_distilgpt2_prefcontrast_kfold_surface_chaudhuri_Surprise_foldseed101_seed17_dn8.csv
compression,score_pref_struct,v_pref_struct,other_human_plus_surface,0.047361647361647365,0.7838579927280536,36,101,17,vscore_distilgpt2_prefcontrast_kfold_surface_chaudhuri_Surprise_foldseed101_seed17_dn8.csv
compression,score_pref_raw,v_pref_raw,none,0.29502290704576106,0.08067512756138276,36,101,18,vscore_distilgpt2_prefcontrast_kfold_surface_chaudhuri_Surprise_foldseed101_seed18_dn8.csv
compression,score_pref_raw,v_pref_raw,other_human_targets,-0.00025740025740025744,0.9988112365011377,36,101,18,vscore_distilgpt2_prefcontrast_kfold_surface_chaudhuri_Surprise_foldseed101_seed18_dn8.csv
compression,score_pref_raw,v_pref_raw,other_human_plus_surface,-0.07155727155727155,0.6783441697633723,36,101,18,vscore_distilgpt2_prefcontrast_kfold_surface_chaudhuri_Surprise_foldseed101_seed18_dn8.csv
compression,score_pref_struct,v_pref_struct,none,0.4473634129537206,0.006225551302189141,36,101,18,vscore_distilgpt2_prefcontrast_kfold_surface_chaudhuri_Surprise_foldseed101_seed18_dn8.csv
compression,score_pref_struct,v_pref_struct,other_human_targets,0.07284427284427285,0.672877198827804,36,101,18,vscore_distilgpt2_prefcontrast_kfold_surface_chaudhuri_Surprise_foldseed101_seed18_dn8.csv
compression,score_pref_struct,v_pref_struct,other_human_plus_surface,0.02625482625482626,0.8791904727183318,36,101,18,vscore_distilgpt2_prefcontrast_kfold_surface_chaudhuri_Surprise_foldseed101_seed18_dn8.csv
compression,score_pref_raw,v_pref_raw,none,0.11525338359055265,0.5032713835770858,36,101,19,vscore_distilgpt2_prefcontrast_kfold_surface_chaudhuri_Surprise_foldseed101_seed19_dn8.csv
compression,score_pref_raw,v_pref_raw,other_human_targets,-0.1093951093951094,0.5253522498053688,36,101,19,vscore_distilgpt2_prefcontrast_kfold_surface_chaudhuri_Surprise_foldseed101_seed19_dn8.csv
compression,score_pref_raw,v_pref_raw,other_human_plus_surface,-0.1922779922779923,0.261235581854411,36,101,19,vscore_distilgpt2_prefcontrast_kfold_surface_chaudhuri_Surprise_foldseed101_seed19_dn8.csv
compression,score_pref_struct,v_pref_struct,none,0.4182603239129777,0.011130591521175676,36,101,19,vscore_distilgpt2_prefcontrast_kfold_surface_chaudhuri_Surprise_foldseed101_seed19_dn8.csv
compression,score_pref_struct,v_pref_struct,other_human_targets,0.18661518661518664,0.27580847802458214,36,101,19,vscore_distilgpt2_prefcontrast_kfold_surface_chaudhuri_Surprise_foldseed101_seed19_dn8.csv
compression,score_pref_struct,v_pref_struct,other_human_plus_surface,0.06692406692406692,0.6981577664570489,36,101,19,vscore_distilgpt2_prefcontrast_kfold_surface_chaudhuri_Surprise_foldseed101_seed19_dn8.csv
compression,score_pref_raw,v_pref_raw,none,0.21273585440401452,0.21287958275459876,36,101,20,vscore_distilgpt2_prefcontrast_kfold_surface_chaudhuri_Surprise_foldseed101_seed20_dn8.csv
compression,score_pref_raw,v_pref_raw,other_human_targets,0.09909909909909911,0.5652718185586119,36,101,20,vscore_distilgpt2_prefcontrast_kfold_surface_chaudhuri_Surprise_foldseed101_seed20_dn8.csv
compression,score_pref_raw,v_pref_raw,other_human_plus_surface,0.050450450450450456,0.7701292149907082,36,101,20,vscore_distilgpt2_prefcontrast_kfold_surface_chaudhuri_Surprise_foldseed101_seed20_dn8.csv
compression,score_pref_struct,v_pref_struct,none,0.3784689322599266,0.022841270914952583,36,101,20,vscore_distilgpt2_prefcontrast_kfold_surface_chaudhuri_Surprise_foldseed101_seed20_dn8.csv
compression,score_pref_struct,v_pref_struct,other_human_targets,0.21853281853281856,0.20038156278557973,36,101,20,vscore_distilgpt2_prefcontrast_kfold_surface_chaudhuri_Surprise_foldseed101_seed20_dn8.csv
compression,score_pref_struct,v_pref_struct,other_human_plus_surface,0.11557271557271558,0.5020813779631956,36,101,20,vscore_distilgpt2_prefcontrast_kfold_surface_chaudhuri_Surprise_foldseed101_seed20_dn8.csv
compression,score_pref_raw,v_pref_raw,none,0.23475633327997486,0.16814877288654356,36,101,21,vscore_distilgpt2_prefcontrast_kfold_surface_chaudhuri_Surprise_foldseed101_seed21_dn8.csv
compression,score_pref_raw,v_pref_raw,other_human_targets,-0.0030888030888030892,0.9857355588070572,36,101,21,vscore_distilgpt2_prefcontrast_kfold_surface_chaudhuri_Surprise_foldseed101_seed21_dn8.csv
compression,score_pref_raw,v_pref_raw,other_human_plus_surface,-0.1528957528957529,0.37333208698306336,36,101,21,vscore_distilgpt2_prefcontrast_kfold_surface_chaudhuri_Surprise_foldseed101_seed21_dn8.csv
compression,score_pref_struct,v_pref_struct,none,0.2874251979599034,0.08917482688833411,36,101,21,vscore_distilgpt2_prefcontrast_kfold_surface_chaudhuri_Surprise_foldseed101_seed21_dn8.csv
compression,score_pref_struct,v_pref_struct,other_human_targets,0.01673101673101673,0.9228455593255799,36,101,21,vscore_distilgpt2_prefcontrast_kfold_surface_chaudhuri_Surprise_foldseed101_seed21_dn8.csv
compression,score_pref_struct,v_pref_struct,other_human_plus_surface,-0.09446589446589447,0.5836780479358336,36,101,21,vscore_distilgpt2_prefcontrast_kfold_surface_chaudhuri_Surprise_foldseed101_seed21_dn8.csv
compression,score_pref_raw,v_pref_raw,none,0.31730093538225895,0.059339191058510515,36,123,17,vscore_distilgpt2_prefcontrast_kfold_surface_chaudhuri_Surprise_foldseed123_seed17_dn8.csv
compression,score_pref_raw,v_pref_raw,other_human_targets,0.3845559845559846,0.020571567789588005,36,123,17,vscore_distilgpt2_prefcontrast_kfold_surface_chaudhuri_Surprise_foldseed123_seed17_dn8.csv
compression,score_pref_raw,v_pref_raw,other_human_plus_surface,0.3052767052767053,0.0702163982127274,36,123,17,vscore_distilgpt2_prefcontrast_kfold_surface_chaudhuri_Surprise_foldseed123_seed17_dn8.csv
compression,score_pref_struct,v_pref_struct,none,0.4637178036978549,0.004391987062877083,36,123,17,vscore_distilgpt2_prefcontrast_kfold_surface_chaudhuri_Surprise_foldseed123_seed17_dn8.csv
compression,score_pref_struct,v_pref_struct,other_human_targets,0.38481338481338484,0.020479887996949102,36,123,17,vscore_distilgpt2_prefcontrast_kfold_surface_chaudhuri_Surprise_foldseed123_seed17_dn8.csv
compression,score_pref_struct,v_pref_struct,other_human_plus_surface,0.3642213642213643,0.028974506889382367,36,123,17,vscore_distilgpt2_prefcontrast_kfold_surface_chaudhuri_Surprise_foldseed123_seed17_dn8.csv
compression,score_pref_raw,v_pref_raw,none,0.3465327991532707,0.03840912817663633,36,123,18,vscore_distilgpt2_prefcontrast_kfold_surface_chaudhuri_Surprise_foldseed123_seed18_dn8.csv
compression,score_pref_raw,v_pref_raw,other_human_targets,0.07541827541827544,0.6619928909754594,36,123,18,vscore_distilgpt2_prefcontrast_kfold_surface_chaudhuri_Surprise_foldseed123_seed18_dn8.csv
compression,score_pref_raw,v_pref_raw,other_human_plus_surface,0.02831402831402832,0.869793058403182,36,123,18,vscore_distilgpt2_prefcontrast_kfold_surface_chaudhuri_Surprise_foldseed123_seed18_dn8.csv
compression,score_pref_struct,v_pref_struct,none,0.45393092419742803,0.00542256844926122,36,123,18,vscore_distilgpt2_prefcontrast_kfold_surface_chaudhuri_Surprise_foldseed123_seed18_dn8.csv
compression,score_pref_struct,v_pref_struct,other_human_targets,0.2836550836550837,0.09364034308608997,36,123,18,vscore_distilgpt2_prefcontrast_kfold_surface_chaudhuri_Surprise_foldseed123_seed18_dn8.csv
compression,score_pref_struct,v_pref_struct,other_human_plus_surface,0.17889317889317893,0.29651815669961806,36,123,18,vscore_distilgpt2_prefcontrast_kfold_surface_chaudhuri_Surprise_foldseed123_seed18_dn8.csv
compression,score_pref_raw,v_pref_raw,none,0.2253557779703544,0.18633827727557656,36,123,19,vscore_distilgpt2_prefcontrast_kfold_surface_chaudhuri_Surprise_foldseed123_seed19_dn8.csv
compression,score_pref_raw,v_pref_raw,other_human_targets,0.2792792792792793,0.09903581124248488,36,123,19,vscore_distilgpt2_prefcontrast_kfold_surface_chaudhuri_Surprise_foldseed123_seed19_dn8.csv
compression,score_pref_raw,v_pref_raw,other_human_plus_surface,0.20797940797940798,0.22352790203809478,36,123,19,vscore_distilgpt2_prefcontrast_kfold_surface_chaudhuri_Surprise_foldseed123_seed19_dn8.csv
compression,score_pref_struct,v_pref_struct,none,0.42341131312372865,0.010078608781347745,36,123,19,vscore_distilgpt2_prefcontrast_kfold_surface_chaudhuri_Surprise_foldseed123_seed19_dn8.csv
compression,score_pref_struct,v_pref_struct,other_human_targets,0.4414414414414415,0.0070351899538682395,36,123,19,vscore_distilgpt2_prefcontrast_kfold_surface_chaudhuri_Surprise_foldseed123_seed19_dn8.csv
compression,score_pref_struct,v_pref_struct,other_human_plus_surface,0.4048906048906049,0.014304279590177322,36,123,19,vscore_distilgpt2_prefcontrast_kfold_surface_chaudhuri_Surprise_foldseed123_seed19_dn8.csv
compression,score_pref_raw,v_pref_raw,none,0.10829954815603887,0.5295334862917583,36,123,20,vscore_distilgpt2_prefcontrast_kfold_surface_chaudhuri_Surprise_foldseed123_seed20_dn8.csv
compression,score_pref_raw,v_pref_raw,other_human_targets,0.16190476190476194,0.34548174436776996,36,123,20,vscore_distilgpt2_prefcontrast_kfold_surface_chaudhuri_Surprise_foldseed123_seed20_dn8.csv
compression,score_pref_raw,v_pref_raw,other_human_plus_surface,0.10630630630630632,0.5371819473537452,36,123,20,vscore_distilgpt2_prefcontrast_kfold_surface_chaudhuri_Surprise_foldseed123_seed20_dn8.csv
compression,score_pref_struct,v_pref_struct,none,0.4866397056856967,0.0026158744517760834,36,123,20,vscore_distilgpt2_prefcontrast_kfold_surface_chaudhuri_Surprise_foldseed123_seed20_dn8.csv
compression,score_pref_struct,v_pref_struct,other_human_targets,0.3528957528957529,0.034763542389155674,36,123,20,vscore_distilgpt2_prefcontrast_kfold_surface_chaudhuri_Surprise_foldseed123_seed20_dn8.csv
compression,score_pref_struct,v_pref_struct,other_human_plus_surface,0.32329472329472336,0.05444034962901776,36,123,20,vscore_distilgpt2_prefcontrast_kfold_surface_chaudhuri_Surprise_foldseed123_seed20_dn8.csv
compression,score_pref_raw,v_pref_raw,none,0.22278028336497888,0.19155522963293437,36,123,21,vscore_distilgpt2_prefcontrast_kfold_surface_chaudhuri_Surprise_foldseed123_seed21_dn8.csv
compression,score_pref_raw,v_pref_raw,other_human_targets,0.20772200772200775,0.22411433770372344,36,123,21,vscore_distilgpt2_prefcontrast_kfold_surface_chaudhuri_Surprise_foldseed123_seed21_dn8.csv
compression,score_pref_raw,v_pref_raw,other_human_plus_surface,0.029343629343629347,0.8651008475218877,36,123,21,vscore_distilgpt2_prefcontrast_kfold_surface_chaudhuri_Surprise_foldseed123_seed21_dn8.csv
compression,score_pref_struct,v_pref_struct,none,0.4964265851861235,0.0020737671772214092,36,123,21,vscore_distilgpt2_prefcontrast_kfold_surface_chaudhuri_Surprise_foldseed123_seed21_dn8.csv
compression,score_pref_struct,v_pref_struct,other_human_targets,0.357014157014157,0.03255812206732863,36,123,21,vscore_distilgpt2_prefcontrast_kfold_surface_chaudhuri_Surprise_foldseed123_seed21_dn8.csv
compression,score_pref_struct,v_pref_struct,other_human_plus_surface,0.20360360360360363,0.23364034960289404,36,123,21,vscore_distilgpt2_prefcontrast_kfold_surface_chaudhuri_Surprise_foldseed123_seed21_dn8.csv
compression,score_pref_raw,v_pref_raw,none,-0.031678583646118384,0.8544767954313206,36,202,17,vscore_distilgpt2_prefcontrast_kfold_surface_chaudhuri_Surprise_foldseed202_seed17_dn8.csv
compression,score_pref_raw,v_pref_raw,other_human_targets,-0.09163449163449164,0.5950558551832523,36,202,17,vscore_distilgpt2_prefcontrast_kfold_surface_chaudhuri_Surprise_foldseed202_seed17_dn8.csv
compression,score_pref_raw,v_pref_raw,other_human_plus_surface,-0.22136422136422135,0.19446693830514628,36,202,17,vscore_distilgpt2_prefcontrast_kfold_surface_chaudhuri_Surprise_foldseed202_seed17_dn8.csv
compression,score_pref_struct,v_pref_struct,none,0.6147705623031268,6.627389797468381e-05,36,202,17,vscore_distilgpt2_prefcontrast_kfold_surface_chaudhuri_Surprise_foldseed202_seed17_dn8.csv
compression,score_pref_struct,v_pref_struct,other_human_targets,0.2684684684684685,0.1133796565432423,36,202,17,vscore_distilgpt2_prefcontrast_kfold_surface_chaudhuri_Surprise_foldseed202_seed17_dn8.csv
compression,score_pref_struct,v_pref_struct,other_human_plus_surface,0.15727155727155726,0.3596429529481935,36,202,17,vscore_distilgpt2_prefcontrast_kfold_surface_chaudhuri_Surprise_foldseed202_seed17_dn8.csv
compression,score_pref_raw,v_pref_raw,none,0.24905032833980878,0.14298666932200244,36,202,18,vscore_distilgpt2_prefcontrast_kfold_surface_chaudhuri_Surprise_foldseed202_seed18_dn8.csv
compression,score_pref_raw,v_pref_raw,other_human_targets,0.19613899613899616,0.25159653911382446,36,202,18,vscore_distilgpt2_prefcontrast_kfold_surface_chaudhuri_Surprise_foldseed202_seed18_dn8.csv
compression,score_pref_raw,v_pref_raw,other_human_plus_surface,0.11222651222651223,0.514621410282258,36,202,18,vscore_distilgpt2_prefcontrast_kfold_surface_chaudhuri_Surprise_foldseed202_seed18_dn8.csv
compression,score_pref_struct,v_pref_struct,none,0.4074432465704007,0.013645532156672486,36,202,18,vscore_distilgpt2_prefcontrast_kfold_surface_chaudhuri_Surprise_foldseed202_seed18_dn8.csv
compression,score_pref_struct,v_pref_struct,other_human_targets,0.19716859716859722,0.24906668175139637,36,202,18,vscore_distilgpt2_prefcontrast_kfold_surface_chaudhuri_Surprise_foldseed202_seed18_dn8.csv
compression,score_pref_struct,v_pref_struct,other_human_plus_surface,0.10244530244530246,0.5521465174318699,36,202,18,vscore_distilgpt2_prefcontrast_kfold_surface_chaudhuri_Surprise_foldseed202_seed18_dn8.csv
compression,score_pref_raw,v_pref_raw,none,0.1766789299287578,0.3026350790661687,36,202,19,vscore_distilgpt2_prefcontrast_kfold_surface_chaudhuri_Surprise_foldseed202_seed19_dn8.csv
compression,score_pref_raw,v_pref_raw,other_human_targets,0.09266409266409266,0.5909072866504811,36,202,19,vscore_distilgpt2_prefcontrast_kfold_surface_chaudhuri_Surprise_foldseed202_seed19_dn8.csv
compression,score_pref_raw,v_pref_raw,other_human_plus_surface,-0.04504504504504505,0.7941971608561039,36,202,19,vscore_distilgpt2_prefcontrast_kfold_surface_chaudhuri_Surprise_foldseed202_seed19_dn8.csv
compression,score_pref_struct,v_pref_struct,none,0.49835820614015514,0.0019792591191169972,36,202,19,vscore_distilgpt2_prefcontrast_kfold_surface_chaudhuri_Surprise_foldseed202_seed19_dn8.csv
compression,score_pref_struct,v_pref_struct,other_human_targets,0.311969111969112,0.06398475061874366,36,202,19,vscore_distilgpt2_prefcontrast_kfold_surface_chaudhuri_Surprise_foldseed202_seed19_dn8.csv
compression,score_pref_struct,v_pref_struct,other_human_plus_surface,0.26692406692406695,0.11555011846796182,36,202,19,vscore_distilgpt2_prefcontrast_kfold_surface_chaudhuri_Surprise_foldseed202_seed19_dn8.csv
compression,score_pref_raw,v_pref_raw,none,0.2431266907474452,0.15305606430528354,36,202,20,vscore_distilgpt2_prefcontrast_kfold_surface_chaudhuri_Surprise_foldseed202_seed20_dn8.csv
compression,score_pref_raw,v_pref_raw,other_human_targets,0.18455598455598457,0.281236474727457,36,202,20,vscore_distilgpt2_prefcontrast_kfold_surface_chaudhuri_Surprise_foldseed202_seed20_dn8.csv
compression,score_pref_raw,v_pref_raw,other_human_plus_surface,0.08005148005148006,0.6425732382359323,36,202,20,vscore_distilgpt2_prefcontrast_kfold_surface_chaudhuri_Surprise_foldseed202_seed20_dn8.csv
compression,score_pref_struct,v_pref_struct,none,0.5797438356700202,0.0002109388630635414,36,202,20,vscore_distilgpt2_prefcontrast_kfold_surface_chaudhuri_Surprise_foldseed202_seed20_dn8.csv
compression,score_pref_struct,v_pref_struct,other_human_targets,0.26975546975546977,0.11159448627380315,36,202,20,vscore_distilgpt2_prefcontrast_kfold_surface_chaudhuri_Surprise_foldseed202_seed20_dn8.csv
compression,score_pref_struct,v_pref_struct,other_human_plus_surface,0.2555984555984556,0.1324303588294614,36,202,20,vscore_distilgpt2_prefcontrast_kfold_surface_chaudhuri_Surprise_foldseed202_seed20_dn8.csv
compression,score_pref_raw,v_pref_raw,none,0.1865945841594534,0.27586244507654384,36,202,21,vscore_distilgpt2_prefcontrast_kfold_surface_chaudhuri_Surprise_foldseed202_seed21_dn8.csv
compression,score_pref_raw,v_pref_raw,other_human_targets,0.036036036036036036,0.834718991919436,36,202,21,vscore_distilgpt2_prefcontrast_kfold_surface_chaudhuri_Surprise_foldseed202_seed21_dn8.csv
compression,score_pref_raw,v_pref_raw,other_human_plus_surface,-0.02625482625482626,0.8791904727183318,36,202,21,vscore_distilgpt2_prefcontrast_kfold_surface_chaudhuri_Surprise_foldseed202_seed21_dn8.csv
compression,score_pref_struct,v_pref_struct,none,0.23462755854970607,0.16838900755409794,36,202,21,vscore_distilgpt2_prefcontrast_kfold_surface_chaudhuri_Surprise_foldseed202_seed21_dn8.csv
compression,score_pref_struct,v_pref_struct,other_human_targets,0.1052767052767053,0.541153385882663,36,202,21,vscore_distilgpt2_prefcontrast_kfold_surface_chaudhuri_Surprise_foldseed202_seed21_dn8.csv
compression,score_pref_struct,v_pref_struct,other_human_plus_surface,-0.0028314028314028314,0.9869241559727818,36,202,21,vscore_distilgpt2_prefcontrast_kfold_surface_chaudhuri_Surprise_foldseed202_seed21_dn8.csv
compression,score_pref_raw,v_pref_raw,none,0.09477820147781761,0.5824290146171468,36,303,17,vscore_distilgpt2_prefcontrast_kfold_surface_chaudhuri_Surprise_foldseed303_seed17_dn8.csv
compression,score_pref_raw,v_pref_raw,other_human_targets,0.08571428571428573,0.619152310823127,36,303,17,vscore_distilgpt2_prefcontrast_kfold_surface_chaudhuri_Surprise_foldseed303_seed17_dn8.csv
compression,score_pref_raw,v_pref_raw,other_human_plus_surface,0.036036036036036036,0.834718991919436,36,303,17,vscore_distilgpt2_prefcontrast_kfold_surface_chaudhuri_Surprise_foldseed303_seed17_dn8.csv
compression,score_pref_struct,v_pref_struct,none,0.41735890080109633,0.011323942122449835,36,303,17,vscore_distilgpt2_prefcontrast_kfold_surface_chaudhuri_Surprise_foldseed303_seed17_dn8.csv
compression,score_pref_struct,v_pref_struct,other_human_targets,0.4401544401544402,0.00722261278725106,36,303,17,vscore_distilgpt2_prefcontrast_kfold_surface_chaudhuri_Surprise_foldseed303_seed17_dn8.csv
compression,score_pref_struct,v_pref_struct,other_human_plus_surface,0.401029601029601,0.015351445009874674,36,303,17,vscore_distilgpt2_prefcontrast_kfold_surface_chaudhuri_Surprise_foldseed303_seed17_dn8.csv
compression,score_pref_raw,v_pref_raw,none,0.24776258103712104,0.14513322934772108,36,303,18,vscore_distilgpt2_prefcontrast_kfold_surface_chaudhuri_Surprise_foldseed303_seed18_dn8.csv
compression,score_pref_raw,v_pref_raw,other_human_targets,0.10785070785070787,0.5312511499012008,36,303,18,vscore_distilgpt2_prefcontrast_kfold_surface_chaudhuri_Surprise_foldseed303_seed18_dn8.csv
compression,score_pref_raw,v_pref_raw,other_human_plus_surface,0.05714285714285715,0.7406235141902405,36,303,18,vscore_distilgpt2_prefcontrast_kfold_surface_chaudhuri_Surprise_foldseed303_seed18_dn8.csv
compression,score_pref_struct,v_pref_struct,none,0.535960427378637,0.0007544299952960485,36,303,18,vscore_distilgpt2_prefcontrast_kfold_surface_chaudhuri_Surprise_foldseed303_seed18_dn8.csv
compression,score_pref_struct,v_pref_struct,other_human_targets,0.5307593307593308,0.0008678891313200027,36,303,18,vscore_distilgpt2_prefcontrast_kfold_surface_chaudhuri_Surprise_foldseed303_seed18_dn8.csv
compression,score_pref_struct,v_pref_struct,other_human_plus_surface,0.5467181467181468,0.0005605529038917164,36,303,18,vscore_distilgpt2_prefcontrast_kfold_surface_chaudhuri_Surprise_foldseed303_seed18_dn8.csv
compression,score_pref_raw,v_pref_raw,none,0.18749600727133486,0.2735076473609386,36,303,19,vscore_distilgpt2_prefcontrast_kfold_surface_chaudhuri_Surprise_foldseed303_seed19_dn8.csv
compression,score_pref_raw,v_pref_raw,other_human_targets,0.015701415701415703,0.9275806411069016,36,303,19,vscore_distilgpt2_prefcontrast_kfold_surface_chaudhuri_Surprise_foldseed303_seed19_dn8.csv
compression,score_pref_raw,v_pref_raw,other_human_plus_surface,-0.09343629343629345,0.5878042254551191,36,303,19,vscore_distilgpt2_prefcontrast_kfold_surface_chaudhuri_Surprise_foldseed303_seed19_dn8.csv
compression,score_pref_struct,v_pref_struct,none,0.49810065667961756,0.001991638070871812,36,303,19,vscore_distilgpt2_prefcontrast_kfold_surface_chaudhuri_Surprise_foldseed303_seed19_dn8.csv
compression,score_pref_struct,v_pref_struct,other_human_targets,0.5294723294723295,0.0008981946615110943,36,303,19,vscore_distilgpt2_prefcontrast_kfold_surface_chaudhuri_Surprise_foldseed303_seed19_dn8.csv
compression,score_pref_struct,v_pref_struct,other_human_plus_surface,0.49909909909909916,0.0019440236428804724,36,303,19,vscore_distilgpt2_prefcontrast_kfold_surface_chaudhuri_Surprise_foldseed303_seed19_dn8.csv
compression,score_pref_raw,v_pref_raw,none,0.41195036212980773,0.012544828722171296,36,303,20,vscore_distilgpt2_prefcontrast_kfold_surface_chaudhuri_Surprise_foldseed303_seed20_dn8.csv
compression,score_pref_raw,v_pref_raw,other_human_targets,0.3662805662805663,0.028012388498514892,36,303,20,vscore_distilgpt2_prefcontrast_kfold_surface_chaudhuri_Surprise_foldseed303_seed20_dn8.csv
compression,score_pref_raw,v_pref_raw,other_human_plus_surface,0.2676962676962677,0.11446102111519438,36,303,20,vscore_distilgpt2_prefcontrast_kfold_surface_chaudhuri_Surprise_foldseed303_seed20_dn8.csv
compression,score_pref_struct,v_pref_struct,none,0.48651093095542786,0.002623761889776649,36,303,20,vscore_distilgpt2_prefcontrast_kfold_surface_chaudhuri_Surprise_foldseed303_seed20_dn8.csv
compression,score_pref_struct,v_pref_struct,other_human_targets,0.44195624195624195,0.006961396801907044,36,303,20,vscore_distilgpt2_prefcontrast_kfold_surface_chaudhuri_Surprise_foldseed303_seed20_dn8.csv
compression,score_pref_struct,v_pref_struct,other_human_plus_surface,0.4777348777348777,0.0032126465089737516,36,303,20,vscore_distilgpt2_prefcontrast_kfold_surface_chaudhuri_Surprise_foldseed303_seed20_dn8.csv
compression,score_pref_raw,v_pref_raw,none,0.3019767424802749,0.07345931283634079,36,303,21,vscore_distilgpt2_prefcontrast_kfold_surface_chaudhuri_Surprise_foldseed303_seed21_dn8.csv
compression,score_pref_raw,v_pref_raw,other_human_targets,0.2635778635778636,0.12035960875696936,36,303,21,vscore_distilgpt2_prefcontrast_kfold_surface_chaudhuri_Surprise_foldseed303_seed21_dn8.csv
compression,score_pref_raw,v_pref_raw,other_human_plus_surface,0.16190476190476194,0.34548174436776996,36,303,21,vscore_distilgpt2_prefcontrast_kfold_surface_chaudhuri_Surprise_foldseed303_seed21_dn8.csv
compression,score_pref_struct,v_pref_struct,none,0.39340680097110436,0.017608673603664957,36,303,21,vscore_distilgpt2_prefcontrast_kfold_surface_chaudhuri_Surprise_foldseed303_seed21_dn8.csv
compression,score_pref_struct,v_pref_struct,other_human_targets,0.46332046332046334,0.00443026005815501,36,303,21,vscore_distilgpt2_prefcontrast_kfold_surface_chaudhuri_Surprise_foldseed303_seed21_dn8.csv
compression,score_pref_struct,v_pref_struct,other_human_plus_surface,0.3783783783783784,0.02287654281554706,36,303,21,vscore_distilgpt2_prefcontrast_kfold_surface_chaudhuri_Surprise_foldseed303_seed21_dn8.csv
compression,score_pref_raw,v_pref_raw,none,0.0024467198751067045,0.9887005573530526,36,404,17,vscore_distilgpt2_prefcontrast_kfold_surface_chaudhuri_Surprise_foldseed404_seed17_dn8.csv
compression,score_pref_raw,v_pref_raw,other_human_targets,-0.13976833976833977,0.41620878643404613,36,404,17,vscore_distilgpt2_prefcontrast_kfold_surface_chaudhuri_Surprise_foldseed404_seed17_dn8.csv
compression,score_pref_raw,v_pref_raw,other_human_plus_surface,-0.22316602316602321,0.1907674072690435,36,404,17,vscore_distilgpt2_prefcontrast_kfold_surface_chaudhuri_Surprise_foldseed404_seed17_dn8.csv
compression,score_pref_struct,v_pref_struct,none,0.34923706848891484,0.03682356149062904,36,404,17,vscore_distilgpt2_prefcontrast_kfold_surface_chaudhuri_Surprise_foldseed404_seed17_dn8.csv
compression,score_pref_struct,v_pref_struct,other_human_targets,0.18043758043758046,0.2922988134480568,36,404,17,vscore_distilgpt2_prefcontrast_kfold_surface_chaudhuri_Surprise_foldseed404_seed17_dn8.csv
compression,score_pref_struct,v_pref_struct,other_human_plus_surface,0.18172458172458172,0.2888122665311487,36,404,17,vscore_distilgpt2_prefcontrast_kfold_surface_chaudhuri_Surprise_foldseed404_seed17_dn8.csv
compression,score_pref_raw,v_pref_raw,none,0.25845088364942925,0.12801670657377276,36,404,18,vscore_distilgpt2_prefcontrast_kfold_surface_chaudhuri_Surprise_foldseed404_seed18_dn8.csv
compression,score_pref_raw,v_pref_raw,other_human_targets,0.13693693693693695,0.4258069563519761,36,404,18,vscore_distilgpt2_prefcontrast_kfold_surface_chaudhuri_Surprise_foldseed404_seed18_dn8.csv
compression,score_pref_raw,v_pref_raw,other_human_plus_surface,0.012612612612612614,0.9417999523635008,36,404,18,vscore_distilgpt2_prefcontrast_kfold_surface_chaudhuri_Surprise_foldseed404_seed18_dn8.csv
compression,score_pref_struct,v_pref_struct,none,0.23488510801024365,0.16790878404639717,36,404,18,vscore_distilgpt2_prefcontrast_kfold_surface_chaudhuri_Surprise_foldseed404_seed18_dn8.csv
compression,score_pref_struct,v_pref_struct,other_human_targets,0.04581724581724582,0.7907468386004839,36,404,18,vscore_distilgpt2_prefcontrast_kfold_surface_chaudhuri_Surprise_foldseed404_seed18_dn8.csv
compression,score_pref_struct,v_pref_struct,other_human_plus_surface,0.010038610038610039,0.9536631134608327,36,404,18,vscore_distilgpt2_prefcontrast_kfold_surface_chaudhuri_Surprise_foldseed404_seed18_dn8.csv
compression,score_pref_raw,v_pref_raw,none,0.0874380418524975,0.6120943157551434,36,404,19,vscore_distilgpt2_prefcontrast_kfold_surface_chaudhuri_Surprise_foldseed404_seed19_dn8.csv
compression,score_pref_raw,v_pref_raw,other_human_targets,0.04761904761904762,0.7827114078212546,36,404,19,vscore_distilgpt2_prefcontrast_kfold_surface_chaudhuri_Surprise_foldseed404_seed19_dn8.csv
compression,score_pref_raw,v_pref_raw,other_human_plus_surface,-0.10810810810810813,0.530265776817579,36,404,19,vscore_distilgpt2_prefcontrast_kfold_surface_chaudhuri_Surprise_foldseed404_seed19_dn8.csv
compression,score_pref_struct,v_pref_struct,none,0.15401457740145363,0.36980302471693766,36,404,19,vscore_distilgpt2_prefcontrast_kfold_surface_chaudhuri_Surprise_foldseed404_seed19_dn8.csv
compression,score_pref_struct,v_pref_struct,other_human_targets,0.16628056628056628,0.33242383575137774,36,404,19,vscore_distilgpt2_prefcontrast_kfold_surface_chaudhuri_Surprise_foldseed404_seed19_dn8.csv
compression,score_pref_struct,v_pref_struct,other_human_plus_surface,0.1335907335907336,0.4373076190041816,36,404,19,vscore_distilgpt2_prefcontrast_kfold_surface_chaudhuri_Surprise_foldseed404_seed19_dn8.csv
compression,score_pref_raw,v_pref_raw,none,0.046874001817833716,0.7860314287382663,36,404,20,vscore_distilgpt2_prefcontrast_kfold_surface_chaudhuri_Surprise_foldseed404_seed20_dn8.csv
compression,score_pref_raw,v_pref_raw,other_human_targets,0.014414414414414415,0.9335029210359357,36,404,20,vscore_distilgpt2_prefcontrast_kfold_surface_chaudhuri_Surprise_foldseed404_seed20_dn8.csv
compression,score_pref_raw,v_pref_raw,other_human_plus_surface,-0.14671814671814673,0.3931738152650478,36,404,20,vscore_distilgpt2_prefcontrast_kfold_surface_chaudhuri_Surprise_foldseed404_seed20_dn8.csv
compression,score_pref_struct,v_pref_struct,none,0.252913570247872,0.13668666055000248,36,404,20,vscore_distilgpt2_prefcontrast_kfold_surface_chaudhuri_Surprise_foldseed404_seed20_dn8.csv
compression,score_pref_struct,v_pref_struct,other_human_targets,0.03655083655083655,0.8323910802754917,36,404,20,vscore_distilgpt2_prefcontrast_kfold_surface_chaudhuri_Surprise_foldseed404_seed20_dn8.csv
compression,score_pref_struct,v_pref_struct,other_human_plus_surface,-0.0030888030888030892,0.9857355588070572,36,404,20,vscore_distilgpt2_prefcontrast_kfold_surface_chaudhuri_Surprise_foldseed404_seed20_dn8.csv
compression,score_pref_raw,v_pref_raw,none,0.0987702181161496,0.5665695231726103,36,404,21,vscore_distilgpt2_prefcontrast_kfold_surface_chaudhuri_Surprise_foldseed404_seed21_dn8.csv
compression,score_pref_raw,v_pref_raw,other_human_targets,-0.06666666666666667,0.6992644506229678,36,404,21,vscore_distilgpt2_prefcontrast_kfold_surface_chaudhuri_Surprise_foldseed404_seed21_dn8.csv
compression,score_pref_raw,v_pref_raw,other_human_plus_surface,-0.2175032175032175,0.20256310325568996,36,404,21,vscore_distilgpt2_prefcontrast_kfold_surface_chaudhuri_Surprise_foldseed404_seed21_dn8.csv
compression,score_pref_struct,v_pref_struct,none,0.3691971516805748,0.026694807911544945,36,404,21,vscore_distilgpt2_prefcontrast_kfold_surface_chaudhuri_Surprise_foldseed404_seed21_dn8.csv
compression,score_pref_struct,v_pref_struct,other_human_targets,0.2545688545688546,0.13405082198115992,36,404,21,vscore_distilgpt2_prefcontrast_kfold_surface_chaudhuri_Surprise_foldseed404_seed21_dn8.csv
compression,score_pref_struct,v_pref_struct,other_human_plus_surface,0.18326898326898328,0.28466389230993455,36,404,21,vscore_distilgpt2_prefcontrast_kfold_surface_chaudhuri_Surprise_foldseed404_seed21_dn8.csv
embedding,score_pref_raw,score_pref_raw,none,0.2879402968809785,0.08857766097778241,36,101,17,supervised_similarity_baselines_embedding_kfold_surface_chaudhuri_Surprise.csv
embedding,score_pref_raw,score_pref_raw,other_human_targets,0.09626769626769627,0.5764884298705198,36,101,17,supervised_similarity_baselines_embedding_kfold_surface_chaudhuri_Surprise.csv
embedding,score_pref_raw,score_pref_raw,other_human_plus_surface,0.18635778635778638,0.27648321840469364,36,101,17,supervised_similarity_baselines_embedding_kfold_surface_chaudhuri_Surprise.csv
embedding,score_pref_struct,score_pref_struct,none,0.13199409852549326,0.4428547191673187,36,101,17,supervised_similarity_baselines_embedding_kfold_surface_chaudhuri_Surprise.csv
embedding,score_pref_struct,score_pref_struct,other_human_targets,-0.0064350064350064354,0.9702874642561806,36,101,17,supervised_similarity_baselines_embedding_kfold_surface_chaudhuri_Surprise.csv
embedding,score_pref_struct,score_pref_struct,other_human_plus_surface,0.04092664092664093,0.8126623907084973,36,101,17,supervised_similarity_baselines_embedding_kfold_surface_chaudhuri_Surprise.csv
embedding,score_pref_raw,score_pref_raw,none,0.30674140750021944,0.06881345942653244,36,101,18,supervised_similarity_baselines_embedding_kfold_surface_chaudhuri_Surprise.csv
embedding,score_pref_raw,score_pref_raw,other_human_targets,0.08494208494208495,0.6223250812519648,36,101,18,supervised_similarity_baselines_embedding_kfold_surface_chaudhuri_Surprise.csv
embedding,score_pref_raw,score_pref_raw,other_human_plus_surface,0.1274131274131274,0.45898141329025,36,101,18,supervised_similarity_baselines_embedding_kfold_surface_chaudhuri_Surprise.csv
embedding,score_pref_struct,score_pref_struct,none,0.15723394565817297,0.3597593166814498,36,101,18,supervised_similarity_baselines_embedding_kfold_surface_chaudhuri_Surprise.csv
embedding,score_pref_struct,score_pref_struct,other_human_targets,-0.05328185328185329,0.7576045499235035,36,101,18,supervised_similarity_baselines_embedding_kfold_surface_chaudhuri_Surprise.csv
embedding,score_pref_struct,score_pref_struct,other_human_plus_surface,0.03011583011583012,0.861584659005441,36,101,18,supervised_similarity_baselines_embedding_kfold_surface_chaudhuri_Surprise.csv
embedding,score_pref_raw,score_pref_raw,none,0.14744706615774614,0.3908013890532455,36,101,19,supervised_similarity_baselines_embedding_kfold_surface_chaudhuri_Surprise.csv
embedding,score_pref_raw,score_pref_raw,other_human_targets,0.004118404118404119,0.9809814977355094,36,101,19,supervised_similarity_baselines_embedding_kfold_surface_chaudhuri_Surprise.csv
embedding,score_pref_raw,score_pref_raw,other_human_plus_surface,0.062033462033462036,0.7192871819623318,36,101,19,supervised_similarity_baselines_embedding_kfold_surface_chaudhuri_Surprise.csv
embedding,score_pref_struct,score_pref_struct,none,0.09452065201728006,0.5834589657331702,36,101,19,supervised_similarity_baselines_embedding_kfold_surface_chaudhuri_Surprise.csv
embedding,score_pref_struct,score_pref_struct,other_human_targets,0.02110682110682111,0.9027525031814102,36,101,19,supervised_similarity_baselines_embedding_kfold_surface_chaudhuri_Surprise.csv
embedding,score_pref_struct,score_pref_struct,other_human_plus_surface,0.09935649935649937,0.5642571167551088,36,101,19,supervised_similarity_baselines_embedding_kfold_surface_chaudhuri_Surprise.csv
embedding,score_pref_raw,score_pref_raw,none,0.21801561834503422,0.2014753610175291,36,101,20,supervised_similarity_baselines_embedding_kfold_surface_chaudhuri_Surprise.csv
embedding,score_pref_raw,score_pref_raw,other_human_targets,0.049678249678249686,0.7735551424530639,36,101,20,supervised_similarity_baselines_embedding_kfold_surface_chaudhuri_Surprise.csv
embedding,score_pref_raw,score_pref_raw,other_human_plus_surface,0.10141570141570141,0.5561698098384398,36,101,20,supervised_similarity_baselines_embedding_kfold_surface_chaudhuri_Surprise.csv
embedding,score_pref_struct,score_pref_struct,none,0.09516452566862393,0.5808856099886576,36,101,20,supervised_similarity_baselines_embedding_kfold_surface_chaudhuri_Surprise.csv
embedding,score_pref_struct,score_pref_struct,other_human_targets,0.22393822393822396,0.18919713997256538,36,101,20,supervised_similarity_baselines_embedding_kfold_surface_chaudhuri_Surprise.csv
embedding,score_pref_struct,score_pref_struct,other_human_plus_surface,0.2761904761904762,0.10298478436077714,36,101,20,supervised_similarity_baselines_embedding_kfold_surface_chaudhuri_Surprise.csv
embedding,score_pref_raw,score_pref_raw,none,0.14615931885505842,0.39499827139672444,36,101,21,supervised_similarity_baselines_embedding_kfold_surface_chaudhuri_Surprise.csv
embedding,score_pref_raw,score_pref_raw,other_human_targets,0.039639639639639644,0.8184537385989098,36,101,21,supervised_similarity_baselines_embedding_kfold_surface_chaudhuri_Surprise.csv
embedding,score_pref_raw,score_pref_raw,other_human_plus_surface,0.19613899613899616,0.25159653911382446,36,101,21,supervised_similarity_baselines_embedding_kfold_surface_chaudhuri_Surprise.csv
embedding,score_pref_struct,score_pref_struct,none,0.17564873208660764,0.3055081480117015,36,101,21,supervised_similarity_baselines_embedding_kfold_surface_chaudhuri_Surprise.csv
embedding,score_pref_struct,score_pref_struct,other_human_targets,0.1667953667953668,0.330907900063101,36,101,21,supervised_similarity_baselines_embedding_kfold_surface_chaudhuri_Surprise.csv
embedding,score_pref_struct,score_pref_struct,other_human_plus_surface,0.26151866151866154,0.12339276156302663,36,101,21,supervised_similarity_baselines_embedding_kfold_surface_chaudhuri_Surprise.csv
embedding,score_pref_raw,score_pref_raw,none,0.10186081164260018,0.5544288118550614,36,123,17,supervised_similarity_baselines_embedding_kfold_surface_chaudhuri_Surprise.csv
embedding,score_pref_raw,score_pref_raw,other_human_targets,-0.07232947232947234,0.6750620252626321,36,123,17,supervised_similarity_baselines_embedding_kfold_surface_chaudhuri_Surprise.csv
embedding,score_pref_raw,score_pref_raw,other_human_plus_surface,0.009523809523809525,0.9560370036644702,36,123,17,supervised_similarity_baselines_embedding_kfold_surface_chaudhuri_Surprise.csv
embedding,score_pref_struct,score_pref_struct,none,0.19612391419934266,0.2516337240449338,36,123,17,supervised_similarity_baselines_embedding_kfold_surface_chaudhuri_Surprise.csv
embedding,score_pref_struct,score_pref_struct,other_human_targets,0.087001287001287,0.6138794113422424,36,123,17,supervised_similarity_baselines_embedding_kfold_surface_chaudhuri_Surprise.csv
embedding,score_pref_struct,score_pref_struct,other_human_plus_surface,0.15083655083655087,0.37987916423847917,36,123,17,supervised_similarity_baselines_embedding_kfold_surface_chaudhuri_Surprise.csv
embedding,score_pref_raw,score_pref_raw,none,0.2396497730301883,0.15920107450536444,36,123,18,supervised_similarity_baselines_embedding_kfold_surface_chaudhuri_Surprise.csv
embedding,score_pref_raw,score_pref_raw,other_human_targets,0.04221364221364222,0.806880812369629,36,123,18,supervised_similarity_baselines_embedding_kfold_surface_chaudhuri_Surprise.csv
embedding,score_pref_raw,score_pref_raw,other_human_plus_surface,0.004118404118404119,0.9809814977355094,36,123,18,supervised_similarity_baselines_embedding_kfold_surface_chaudhuri_Surprise.csv
embedding,score_pref_struct,score_pref_struct,none,0.3040371381645752,0.07142111801837073,36,123,18,supervised_similarity_baselines_embedding_kfold_surface_chaudhuri_Surprise.csv
embedding,score_pref_struct,score_pref_struct,other_human_targets,0.23217503217503221,0.17301135629314443,36,123,18,supervised_similarity_baselines_embedding_kfold_surface_chaudhuri_Surprise.csv
embedding,score_pref_struct,score_pref_struct,other_human_plus_surface,0.2380952380952381,0.1620054278667749,36,123,18,supervised_similarity_baselines_embedding_kfold_surface_chaudhuri_Surprise.csv
embedding,score_pref_raw,score_pref_raw,none,0.2848497033545279,0.09220722362664091,36,123,19,supervised_similarity_baselines_embedding_kfold_surface_chaudhuri_Surprise.csv
embedding,score_pref_raw,score_pref_raw,other_human_targets,0.077992277992278,0.6511763708986591,36,123,19,supervised_similarity_baselines_embedding_kfold_surface_chaudhuri_Surprise.csv
embedding,score_pref_raw,score_pref_raw,other_human_plus_surface,0.12612612612612614,0.46356798892063766,36,123,19,supervised_similarity_baselines_embedding_kfold_surface_chaudhuri_Surprise.csv
embedding,score_pref_struct,score_pref_struct,none,0.16805102300074998,0.3272283114512856,36,123,19,supervised_similarity_baselines_embedding_kfold_surface_chaudhuri_Surprise.csv
embedding,score_pref_struct,score_pref_struct,other_human_targets,0.13693693693693695,0.4258069563519761,36,123,19,supervised_similarity_baselines_embedding_kfold_surface_chaudhuri_Surprise.csv
embedding,score_pref_struct,score_pref_struct,other_human_plus_surface,0.11943371943371943,0.487806500018989,36,123,19,supervised_similarity_baselines_embedding_kfold_surface_chaudhuri_Surprise.csv
embedding,score_pref_raw,score_pref_raw,none,0.008756681658276626,0.9595751314058633,36,123,20,supervised_similarity_baselines_embedding_kfold_surface_chaudhuri_Surprise.csv
embedding,score_pref_raw,score_pref_raw,other_human_targets,-0.19510939510939512,0.25414345633407914,36,123,20,supervised_similarity_baselines_embedding_kfold_surface_chaudhuri_Surprise.csv
embedding,score_pref_raw,score_pref_raw,other_human_plus_surface,-0.11377091377091379,0.508814453375899,36,123,20,supervised_similarity_baselines_embedding_kfold_surface_chaudhuri_Surprise.csv
embedding,score_pref_struct,score_pref_struct,none,0.14886358819070264,0.386214835214491,36,123,20,supervised_similarity_baselines_embedding_kfold_surface_chaudhuri_Surprise.csv
embedding,score_pref_struct,score_pref_struct,other_human_targets,0.11840411840411841,0.4915925569530188,36,123,20,supervised_similarity_baselines_embedding_kfold_surface_chaudhuri_Surprise.csv
embedding,score_pref_struct,score_pref_struct,other_human_plus_surface,0.112998712998713,0.5117138257951563,36,123,20,supervised_similarity_baselines_embedding_kfold_surface_chaudhuri_Surprise.csv
embedding,score_pref_raw,score_pref_raw,none,0.06400104094358064,0.7107607499101334,36,123,21,supervised_similarity_baselines_embedding_kfold_surface_chaudhuri_Surprise.csv
embedding,score_pref_raw,score_pref_raw,other_human_targets,-0.18841698841698845,0.2711153522405826,36,123,21,supervised_similarity_baselines_embedding_kfold_surface_chaudhuri_Surprise.csv
embedding,score_pref_raw,score_pref_raw,other_human_plus_surface,-0.05328185328185329,0.7576045499235035,36,123,21,supervised_similarity_baselines_embedding_kfold_surface_chaudhuri_Surprise.csv
embedding,score_pref_struct,score_pref_struct,none,0.20874383776568253,0.22179248209154892,36,123,21,supervised_similarity_baselines_embedding_kfold_surface_chaudhuri_Surprise.csv
embedding,score_pref_struct,score_pref_struct,other_human_targets,0.11093951093951093,0.5194855394773332,36,123,21,supervised_similarity_baselines_embedding_kfold_surface_chaudhuri_Surprise.csv
embedding,score_pref_struct,score_pref_struct,other_human_plus_surface,0.11685971685971687,0.4972997614203286,36,123,21,supervised_similarity_baselines_embedding_kfold_surface_chaudhuri_Surprise.csv
embedding,score_pref_raw,score_pref_raw,none,0.31021832521747633,0.06557120045066876,36,202,17,supervised_similarity_baselines_embedding_kfold_surface_chaudhuri_Surprise.csv
embedding,score_pref_raw,score_pref_raw,other_human_targets,0.12097812097812098,0.4821557192146122,36,202,17,supervised_similarity_baselines_embedding_kfold_surface_chaudhuri_Surprise.csv
embedding,score_pref_raw,score_pref_raw,other_human_plus_surface,0.15752895752895751,0.35884720788415964,36,202,17,supervised_similarity_baselines_embedding_kfold_surface_chaudhuri_Surprise.csv
embedding,score_pref_struct,score_pref_struct,none,0.31601318807957124,0.06043592661615692,36,202,17,supervised_similarity_baselines_embedding_kfold_surface_chaudhuri_Surprise.csv
embedding,score_pref_struct,score_pref_struct,other_human_targets,0.2836550836550837,0.09364034308608997,36,202,17,supervised_similarity_baselines_embedding_kfold_surface_chaudhuri_Surprise.csv
embedding,score_pref_struct,score_pref_struct,other_human_plus_surface,0.2805662805662806,0.09742489602329907,36,202,17,supervised_similarity_baselines_embedding_kfold_surface_chaudhuri_Surprise.csv
embedding,score_pref_raw,score_pref_raw,none,0.2024338759825126,0.23639521040142739,36,202,18,supervised_similarity_baselines_embedding_kfold_surface_chaudhuri_Surprise.csv
embedding,score_pref_raw,score_pref_raw,other_human_targets,0.028571428571428574,0.8686195887239642,36,202,18,supervised_similarity_baselines_embedding_kfold_surface_chaudhuri_Surprise.csv
embedding,score_pref_raw,score_pref_raw,other_human_plus_surface,0.07567567567567568,0.6609081569102281,36,202,18,supervised_similarity_baselines_embedding_kfold_surface_chaudhuri_Surprise.csv
embedding,score_pref_struct,score_pref_struct,none,0.28227420874915243,0.0953180922920707,36,202,18,supervised_similarity_baselines_embedding_kfold_surface_chaudhuri_Surprise.csv
embedding,score_pref_struct,score_pref_struct,other_human_targets,0.14388674388674388,0.40246795112978667,36,202,18,supervised_similarity_baselines_embedding_kfold_surface_chaudhuri_Surprise.csv
embedding,score_pref_struct,score_pref_struct,other_human_plus_surface,0.12046332046332048,0.4840355266852116,36,202,18,supervised_similarity_baselines_embedding_kfold_surface_chaudhuri_Surprise.csv
embedding,score_pref_raw,score_pref_raw,none,0.26398819705098653,0.11976191708455135,36,202,19,supervised_similarity_baselines_embedding_kfold_surface_chaudhuri_Surprise.csv
embedding,score_pref_raw,score_pref_raw,other_human_targets,0.024710424710424714,0.8862492877195975,36,202,19,supervised_similarity_baselines_embedding_kfold_surface_chaudhuri_Surprise.csv
embedding,score_pref_raw,score_pref_raw,other_human_plus_surface,-0.020334620334620336,0.9062943719896567,36,202,19,supervised_similarity_baselines_embedding_kfold_surface_chaudhuri_Surprise.csv
embedding,score_pref_struct,score_pref_struct,none,0.25664803742566644,0.13079340837195044,36,202,19,supervised_similarity_baselines_embedding_kfold_surface_chaudhuri_Surprise.csv
embedding,score_pref_struct,score_pref_struct,other_human_targets,0.23912483912483914,0.16014409516640907,36,202,19,supervised_similarity_baselines_embedding_kfold_surface_chaudhuri_Surprise.csv
embedding,score_pref_struct,score_pref_struct,other_human_plus_surface,0.29317889317889323,0.08267787906410086,36,202,19,supervised_similarity_baselines_embedding_kfold_surface_chaudhuri_Surprise.csv
embedding,score_pref_raw,score_pref_raw,none,0.19226067229127947,0.26127936322171685,36,202,20,supervised_similarity_baselines_embedding_kfold_surface_chaudhuri_Surprise.csv
embedding,score_pref_raw,score_pref_raw,other_human_targets,0.09214929214929216,0.5929799830194371,36,202,20,supervised_similarity_baselines_embedding_kfold_surface_chaudhuri_Surprise.csv
embedding,score_pref_raw,score_pref_raw,other_human_plus_surface,0.11119691119691119,0.5185109041708881,36,202,20,supervised_similarity_baselines_embedding_kfold_surface_chaudhuri_Surprise.csv
embedding,score_pref_struct,score_pref_struct,none,0.28098646144646466,0.09690331815083747,36,202,20,supervised_similarity_baselines_embedding_kfold_surface_chaudhuri_Surprise.csv
embedding,score_pref_struct,score_pref_struct,other_human_targets,0.28211068211068213,0.09551828810500629,36,202,20,supervised_similarity_baselines_embedding_kfold_surface_chaudhuri_Surprise.csv
embedding,score_pref_struct,score_pref_struct,other_human_plus_surface,0.2885456885456885,0.08787975628562064,36,202,20,supervised_similarity_baselines_embedding_kfold_surface_chaudhuri_Surprise.csv
embedding,score_pref_raw,score_pref_raw,none,0.074045469904545,0.6677895590944677,36,202,21,supervised_similarity_baselines_embedding_kfold_surface_chaudhuri_Surprise.csv
embedding,score_pref_raw,score_pref_raw,other_human_targets,-0.03011583011583012,0.861584659005441,36,202,21,supervised_similarity_baselines_embedding_kfold_surface_chaudhuri_Surprise.csv
embedding,score_pref_raw,score_pref_raw,other_human_plus_surface,-0.051994851994851994,0.7632902579093084,36,202,21,supervised_similarity_baselines_embedding_kfold_surface_chaudhuri_Surprise.csv
embedding,score_pref_struct,score_pref_struct,none,0.17371711113257604,0.3109415546746428,36,202,21,supervised_similarity_baselines_embedding_kfold_surface_chaudhuri_Surprise.csv
embedding,score_pref_struct,score_pref_struct,other_human_targets,0.16756756756756758,0.3286420193289136,36,202,21,supervised_similarity_baselines_embedding_kfold_surface_chaudhuri_Surprise.csv
embedding,score_pref_struct,score_pref_struct,other_human_plus_surface,0.1711711711711712,0.3181953640700406,36,202,21,supervised_similarity_baselines_embedding_kfold_surface_chaudhuri_Surprise.csv
embedding,score_pref_raw,score_pref_raw,none,0.31794480903360284,0.05879676904331372,36,303,17,supervised_similarity_baselines_embedding_kfold_surface_chaudhuri_Surprise.csv
embedding,score_pref_raw,score_pref_raw,other_human_targets,0.112998712998713,0.5117138257951563,36,303,17,supervised_similarity_baselines_embedding_kfold_surface_chaudhuri_Surprise.csv
embedding,score_pref_raw,score_pref_raw,other_human_plus_surface,0.20205920205920208,0.23728223538128762,36,303,17,supervised_similarity_baselines_embedding_kfold_surface_chaudhuri_Surprise.csv
embedding,score_pref_struct,score_pref_struct,none,0.25729191107701027,0.12979665466336793,36,303,17,supervised_similarity_baselines_embedding_kfold_surface_chaudhuri_Surprise.csv
embedding,score_pref_struct,score_pref_struct,other_human_targets,0.06563706563706564,0.7036972726769488,36,303,17,supervised_similarity_baselines_embedding_kfold_surface_chaudhuri_Surprise.csv
embedding,score_pref_struct,score_pref_struct,other_human_plus_surface,0.23963963963963963,0.1592192406297776,36,303,17,supervised_similarity_baselines_embedding_kfold_surface_chaudhuri_Surprise.csv
embedding,score_pref_raw,score_pref_raw,none,0.36790940437788705,0.02727011029327702,36,303,18,supervised_similarity_baselines_embedding_kfold_surface_chaudhuri_Surprise.csv
embedding,score_pref_raw,score_pref_raw,other_human_targets,0.08494208494208495,0.6223250812519648,36,303,18,supervised_similarity_baselines_embedding_kfold_surface_chaudhuri_Surprise.csv
embedding,score_pref_raw,score_pref_raw,other_human_plus_surface,0.1003861003861004,0.5602067081657441,36,303,18,supervised_similarity_baselines_embedding_kfold_surface_chaudhuri_Surprise.csv
embedding,score_pref_struct,score_pref_struct,none,0.2248406790492793,0.18737355870852612,36,303,18,supervised_similarity_baselines_embedding_kfold_surface_chaudhuri_Surprise.csv
embedding,score_pref_struct,score_pref_struct,other_human_targets,0.20025740025740027,0.2415792789019181,36,303,18,supervised_similarity_baselines_embedding_kfold_surface_chaudhuri_Surprise.csv
embedding,score_pref_struct,score_pref_struct,other_human_plus_surface,0.22187902187902186,0.19340483859488866,36,303,18,supervised_similarity_baselines_embedding_kfold_surface_chaudhuri_Surprise.csv
embedding,score_pref_raw,score_pref_raw,none,0.31498299023742105,0.06132481460461077,36,303,19,supervised_similarity_baselines_embedding_kfold_surface_chaudhuri_Surprise.csv
embedding,score_pref_raw,score_pref_raw,other_human_targets,0.09678249678249677,0.5744416072488273,36,303,19,supervised_similarity_baselines_embedding_kfold_surface_chaudhuri_Surprise.csv
embedding,score_pref_raw,score_pref_raw,other_human_plus_surface,0.18996138996138998,0.26713451192180965,36,303,19,supervised_similarity_baselines_embedding_kfold_surface_chaudhuri_Surprise.csv
embedding,score_pref_struct,score_pref_struct,none,0.18942762822536643,0.26850596805095434,36,303,19,supervised_similarity_baselines_embedding_kfold_surface_chaudhuri_Surprise.csv
embedding,score_pref_struct,score_pref_struct,other_human_targets,0.0023166023166023165,0.9893014309467186,36,303,19,supervised_similarity_baselines_embedding_kfold_surface_chaudhuri_Surprise.csv
embedding,score_pref_struct,score_pref_struct,other_human_plus_surface,0.15032175032175035,0.38152640177684494,36,303,19,supervised_similarity_baselines_embedding_kfold_surface_chaudhuri_Surprise.csv
embedding,score_pref_raw,score_pref_raw,none,0.45135542959205266,0.005726133346333191,36,303,20,supervised_similarity_baselines_embedding_kfold_surface_chaudhuri_Surprise.csv
embedding,score_pref_raw,score_pref_raw,other_human_targets,0.1861003861003861,0.27715903262419433,36,303,20,supervised_similarity_baselines_embedding_kfold_surface_chaudhuri_Surprise.csv
embedding,score_pref_raw,score_pref_raw,other_human_plus_surface,0.28751608751608754,0.08906923217134906,36,303,20,supervised_similarity_baselines_embedding_kfold_surface_chaudhuri_Surprise.csv
embedding,score_pref_struct,score_pref_struct,none,0.3276029138037609,0.0511224889111719,36,303,20,supervised_similarity_baselines_embedding_kfold_surface_chaudhuri_Surprise.csv
embedding,score_pref_struct,score_pref_struct,other_human_targets,0.1402831402831403,0.41447686852760574,36,303,20,supervised_similarity_baselines_embedding_kfold_surface_chaudhuri_Surprise.csv
embedding,score_pref_struct,score_pref_struct,other_human_plus_surface,0.1770913770913771,0.30148965246543535,36,303,20,supervised_similarity_baselines_embedding_kfold_surface_chaudhuri_Surprise.csv
embedding,score_pref_raw,score_pref_raw,none,0.3475629969954208,0.037798693423625206,36,303,21,supervised_similarity_baselines_embedding_kfold_surface_chaudhuri_Surprise.csv
embedding,score_pref_raw,score_pref_raw,other_human_targets,0.12303732303732305,0.47467455971904454,36,303,21,supervised_similarity_baselines_embedding_kfold_surface_chaudhuri_Surprise.csv
embedding,score_pref_raw,score_pref_raw,other_human_plus_surface,0.15727155727155726,0.3596429529481935,36,303,21,supervised_similarity_baselines_embedding_kfold_surface_chaudhuri_Surprise.csv
embedding,score_pref_struct,score_pref_struct,none,0.14113710437457622,0.41161291518972015,36,303,21,supervised_similarity_baselines_embedding_kfold_surface_chaudhuri_Surprise.csv
embedding,score_pref_struct,score_pref_struct,other_human_targets,0.10604890604890606,0.5381734938526481,36,303,21,supervised_similarity_baselines_embedding_kfold_surface_chaudhuri_Surprise.csv
embedding,score_pref_struct,score_pref_struct,other_human_plus_surface,0.12767052767052767,0.458067022124304,36,303,21,supervised_similarity_baselines_embedding_kfold_surface_chaudhuri_Surprise.csv
embedding,score_pref_raw,score_pref_raw,none,0.29399270920361087,0.08178931611297745,36,404,17,supervised_similarity_baselines_embedding_kfold_surface_chaudhuri_Surprise.csv
embedding,score_pref_raw,score_pref_raw,other_human_targets,0.014929214929214929,0.9311335694909416,36,404,17,supervised_similarity_baselines_embedding_kfold_surface_chaudhuri_Surprise.csv
embedding,score_pref_raw,score_pref_raw,other_human_plus_surface,0.03243243243243244,0.8510520625754575,36,404,17,supervised_similarity_baselines_embedding_kfold_surface_chaudhuri_Surprise.csv
embedding,score_pref_struct,score_pref_struct,none,0.28072891198592714,0.09722276521044798,36,404,17,supervised_similarity_baselines_embedding_kfold_surface_chaudhuri_Surprise.csv
embedding,score_pref_struct,score_pref_struct,other_human_targets,0.14491634491634495,0.3990738075095386,36,404,17,supervised_similarity_baselines_embedding_kfold_surface_chaudhuri_Surprise.csv
embedding,score_pref_struct,score_pref_struct,other_human_plus_surface,0.23680823680823682,0.16435395788419782,36,404,17,supervised_similarity_baselines_embedding_kfold_surface_chaudhuri_Surprise.csv
embedding,score_pref_raw,score_pref_raw,none,0.32695904015241706,0.051607814566895,36,404,18,supervised_similarity_baselines_embedding_kfold_surface_chaudhuri_Surprise.csv
embedding,score_pref_raw,score_pref_raw,other_human_targets,0.1505791505791506,0.3807022603943168,36,404,18,supervised_similarity_baselines_embedding_kfold_surface_chaudhuri_Surprise.csv
embedding,score_pref_raw,score_pref_raw,other_human_plus_surface,0.1444015444015444,0.40076881782551815,36,404,18,supervised_similarity_baselines_embedding_kfold_surface_chaudhuri_Surprise.csv
embedding,score_pref_struct,score_pref_struct,none,0.218144393075303,0.20120263446668907,36,404,18,supervised_similarity_baselines_embedding_kfold_surface_chaudhuri_Surprise.csv
embedding,score_pref_struct,score_pref_struct,other_human_targets,0.1305019305019305,0.44807341502475617,36,404,18,supervised_similarity_baselines_embedding_kfold_surface_chaudhuri_Surprise.csv
embedding,score_pref_struct,score_pref_struct,other_human_plus_surface,0.19639639639639642,0.25096247611477474,36,404,18,supervised_similarity_baselines_embedding_kfold_surface_chaudhuri_Surprise.csv
embedding,score_pref_raw,score_pref_raw,none,0.20320652436412526,0.23457307512990141,36,404,19,supervised_similarity_baselines_embedding_kfold_surface_chaudhuri_Surprise.csv
embedding,score_pref_raw,score_pref_raw,other_human_targets,-0.005148005148005148,0.9762280817082978,36,404,19,supervised_similarity_baselines_embedding_kfold_surface_chaudhuri_Surprise.csv
embedding,score_pref_raw,score_pref_raw,other_human_plus_surface,0.03268983268983269,0.8498833049554543,36,404,19,supervised_similarity_baselines_embedding_kfold_surface_chaudhuri_Surprise.csv
embedding,score_pref_struct,score_pref_struct,none,0.264889620162868,0.11845670358087722,36,404,19,supervised_similarity_baselines_embedding_kfold_surface_chaudhuri_Surprise.csv
embedding,score_pref_struct,score_pref_struct,other_human_targets,0.22471042471042474,0.1876359940685856,36,404,19,supervised_similarity_baselines_embedding_kfold_surface_chaudhuri_Surprise.csv
embedding,score_pref_struct,score_pref_struct,other_human_plus_surface,0.2522522522522523,0.1377503365286877,36,404,19,supervised_similarity_baselines_embedding_kfold_surface_chaudhuri_Surprise.csv
embedding,score_pref_raw,score_pref_raw,none,0.2927049619009231,0.08319877135676115,36,404,20,supervised_similarity_baselines_embedding_kfold_surface_chaudhuri_Surprise.csv
embedding,score_pref_raw,score_pref_raw,other_human_targets,0.11351351351351353,0.509779996281043,36,404,20,supervised_similarity_baselines_embedding_kfold_surface_chaudhuri_Surprise.csv
embedding,score_pref_raw,score_pref_raw,other_human_plus_surface,0.08803088803088803,0.6096747634235227,36,404,20,supervised_similarity_baselines_embedding_kfold_surface_chaudhuri_Surprise.csv
embedding,score_pref_struct,score_pref_struct,none,0.2494366525306151,0.14234726162707761,36,404,20,supervised_similarity_baselines_embedding_kfold_surface_chaudhuri_Surprise.csv
embedding,score_pref_struct,score_pref_struct,other_human_targets,0.24118404118404121,0.1564678419179573,36,404,20,supervised_similarity_baselines_embedding_kfold_surface_chaudhuri_Surprise.csv
embedding,score_pref_struct,score_pref_struct,other_human_plus_surface,0.39433719433719444,0.017319104790983354,36,404,20,supervised_similarity_baselines_embedding_kfold_surface_chaudhuri_Surprise.csv
embedding,score_pref_raw,score_pref_raw,none,0.27931238995297064,0.09899411442164598,36,404,21,supervised_similarity_baselines_embedding_kfold_surface_chaudhuri_Surprise.csv
embedding,score_pref_raw,score_pref_raw,other_human_targets,-0.043243243243243246,0.8022627793972892,36,404,21,supervised_similarity_baselines_embedding_kfold_surface_chaudhuri_Surprise.csv
embedding,score_pref_raw,score_pref_raw,other_human_plus_surface,-0.011840411840411841,0.9453577209981485,36,404,21,supervised_similarity_baselines_embedding_kfold_surface_chaudhuri_Surprise.csv
embedding,score_pref_struct,score_pref_struct,none,0.1407507801837699,0.41290714527574574,36,404,21,supervised_similarity_baselines_embedding_kfold_surface_chaudhuri_Surprise.csv
embedding,score_pref_struct,score_pref_struct,other_human_targets,0.04453024453024454,0.796499518656049,36,404,21,supervised_similarity_baselines_embedding_kfold_surface_chaudhuri_Surprise.csv
embedding,score_pref_struct,score_pref_struct,other_human_plus_surface,0.1402831402831403,0.41447686852760574,36,404,21,supervised_similarity_baselines_embedding_kfold_surface_chaudhuri_Surprise.csv
tfidf,score_pref_raw,score_pref_raw,none,-0.03425407825149387,0.8427875159407402,36,101,17,supervised_similarity_baselines_tfidf_kfold_surface_chaudhuri_Surprise.csv
tfidf,score_pref_raw,score_pref_raw,other_human_targets,0.08005148005148006,0.6425732382359323,36,101,17,supervised_similarity_baselines_tfidf_kfold_surface_chaudhuri_Surprise.csv
tfidf,score_pref_raw,score_pref_raw,other_human_plus_surface,0.03088803088803089,0.8580710885452416,36,101,17,supervised_similarity_baselines_tfidf_kfold_surface_chaudhuri_Surprise.csv
tfidf,score_pref_struct,score_pref_struct,none,-0.055630683476110325,0.747260313807013,36,101,17,supervised_similarity_baselines_tfidf_kfold_surface_chaudhuri_Surprise.csv
tfidf,score_pref_struct,score_pref_struct,other_human_targets,-0.20514800514800519,0.23003649407460328,36,101,17,supervised_similarity_baselines_tfidf_kfold_surface_chaudhuri_Surprise.csv
tfidf,score_pref_struct,score_pref_struct,other_human_plus_surface,-0.1045045045045045,0.544141127088004,36,101,17,supervised_similarity_baselines_tfidf_kfold_surface_chaudhuri_Surprise.csv
tfidf,score_pref_raw,score_pref_raw,none,0.16328635798080535,0.3413256038045081,36,101,18,supervised_similarity_baselines_tfidf_kfold_surface_chaudhuri_Surprise.csv
tfidf,score_pref_raw,score_pref_raw,other_human_targets,0.3441441441441441,0.039855319197374145,36,101,18,supervised_similarity_baselines_tfidf_kfold_surface_chaudhuri_Surprise.csv
tfidf,score_pref_raw,score_pref_raw,other_human_plus_surface,0.30939510939510945,0.06632776913449948,36,101,18,supervised_similarity_baselines_tfidf_kfold_surface_chaudhuri_Surprise.csv
tfidf,score_pref_struct,score_pref_struct,none,-0.06155432106847394,0.721368629568012,36,101,18,supervised_similarity_baselines_tfidf_kfold_surface_chaudhuri_Surprise.csv
tfidf,score_pref_struct,score_pref_struct,other_human_targets,-0.1698841698841699,0.32190219620141025,36,101,18,supervised_similarity_baselines_tfidf_kfold_surface_chaudhuri_Surprise.csv
tfidf,score_pref_struct,score_pref_struct,other_human_plus_surface,-0.10553410553410554,0.54015921452309,36,101,18,supervised_similarity_baselines_tfidf_kfold_surface_chaudhuri_Surprise.csv
tfidf,score_pref_raw,score_pref_raw,none,0.17809545196171434,0.29871272917091285,36,101,19,supervised_similarity_baselines_tfidf_kfold_surface_chaudhuri_Surprise.csv
tfidf,score_pref_raw,score_pref_raw,other_human_targets,0.25662805662805666,0.13082443024378115,36,101,19,supervised_similarity_baselines_tfidf_kfold_surface_chaudhuri_Surprise.csv
tfidf,score_pref_raw,score_pref_raw,other_human_plus_surface,0.20926640926640927,0.2206114507883994,36,101,19,supervised_similarity_baselines_tfidf_kfold_surface_chaudhuri_Surprise.csv
tfidf,score_pref_struct,score_pref_struct,none,-0.06412981567384941,0.710203899630554,36,101,19,supervised_similarity_baselines_tfidf_kfold_surface_chaudhuri_Surprise.csv
tfidf,score_pref_struct,score_pref_struct,other_human_targets,-0.11119691119691119,0.5185109041708881,36,101,19,supervised_similarity_baselines_tfidf_kfold_surface_chaudhuri_Surprise.csv
tfidf,score_pref_struct,score_pref_struct,other_human_plus_surface,0.011583011583011582,0.9465438786013733,36,101,19,supervised_similarity_baselines_tfidf_kfold_surface_chaudhuri_Surprise.csv
tfidf,score_pref_raw,score_pref_raw,none,0.09052863537894806,0.5995257660590904,36,101,20,supervised_similarity_baselines_tfidf_kfold_surface_chaudhuri_Surprise.csv
tfidf,score_pref_raw,score_pref_raw,other_human_targets,0.1752895752895753,0.3065138308455491,36,101,20,supervised_similarity_baselines_tfidf_kfold_surface_chaudhuri_Surprise.csv
tfidf,score_pref_raw,score_pref_raw,other_human_plus_surface,0.09549549549549549,0.5795648079675021,36,101,20,supervised_similarity_baselines_tfidf_kfold_surface_chaudhuri_Surprise.csv
tfidf,score_pref_struct,score_pref_struct,none,-0.141265879104845,0.41118201659635284,36,101,20,supervised_similarity_baselines_tfidf_kfold_surface_chaudhuri_Surprise.csv
tfidf,score_pref_struct,score_pref_struct,other_human_targets,-0.01595881595881596,0.9263966346706708,36,101,20,supervised_similarity_baselines_tfidf_kfold_surface_chaudhuri_Surprise.csv
tfidf,score_pref_struct,score_pref_struct,other_human_plus_surface,0.0015444015444015446,0.9928675072186489,36,101,20,supervised_similarity_baselines_tfidf_kfold_surface_chaudhuri_Surprise.csv
tfidf,score_pref_raw,score_pref_raw,none,0.1308351259530743,0.44690521564693686,36,101,21,supervised_similarity_baselines_tfidf_kfold_surface_chaudhuri_Surprise.csv
tfidf,score_pref_raw,score_pref_raw,other_human_targets,0.16164736164736168,0.34625945016424325,36,101,21,supervised_similarity_baselines_tfidf_kfold_surface_chaudhuri_Surprise.csv
tfidf,score_pref_raw,score_pref_raw,other_human_plus_surface,0.16138996138996142,0.3470382199535723,36,101,21,supervised_similarity_baselines_tfidf_kfold_surface_chaudhuri_Surprise.csv
tfidf,score_pref_struct,score_pref_struct,none,0.12027559807103484,0.48472194314227873,36,101,21,supervised_similarity_baselines_tfidf_kfold_surface_chaudhuri_Surprise.csv
tfidf,score_pref_struct,score_pref_struct,other_human_targets,0.13281853281853281,0.4399856492205581,36,101,21,supervised_similarity_baselines_tfidf_kfold_surface_chaudhuri_Surprise.csv
tfidf,score_pref_struct,score_pref_struct,other_human_plus_surface,0.17425997425997425,0.30940843573609333,36,101,21,supervised_similarity_baselines_tfidf_kfold_surface_chaudhuri_Surprise.csv
tfidf,score_pref_raw,score_pref_raw,none,0.34369975508735756,0.040129175836045534,36,123,17,supervised_similarity_baselines_tfidf_kfold_surface_chaudhuri_Surprise.csv
tfidf,score_pref_raw,score_pref_raw,other_human_targets,0.3132561132561133,0.06283797586106452,36,123,17,supervised_similarity_baselines_tfidf_kfold_surface_chaudhuri_Surprise.csv
tfidf,score_pref_raw,score_pref_raw,other_human_plus_surface,0.1966537966537967,0.25032947907968645,36,123,17,supervised_similarity_baselines_tfidf_kfold_surface_chaudhuri_Surprise.csv
tfidf,score_pref_struct,score_pref_struct,none,0.2974696269208678,0.07807610685765604,36,123,17,supervised_similarity_baselines_tfidf_kfold_surface_chaudhuri_Surprise.csv
tfidf,score_pref_struct,score_pref_struct,other_human_targets,0.137966537966538,0.42230252568539295,36,123,17,supervised_similarity_baselines_tfidf_kfold_surface_chaudhuri_Surprise.csv
tfidf,score_pref_struct,score_pref_struct,other_human_plus_surface,0.20540540540540542,0.2294395427441318,36,123,17,supervised_similarity_baselines_tfidf_kfold_surface_chaudhuri_Surprise.csv
tfidf,score_pref_raw,score_pref_raw,none,0.2176292941542279,0.20229508516184053,36,123,18,supervised_similarity_baselines_tfidf_kfold_surface_chaudhuri_Surprise.csv
tfidf,score_pref_raw,score_pref_raw,other_human_targets,0.2285714285714286,0.17996642909113797,36,123,18,supervised_similarity_baselines_tfidf_kfold_surface_chaudhuri_Surprise.csv
tfidf,score_pref_raw,score_pref_raw,other_human_plus_surface,0.1552123552123552,0.36604695383350633,36,123,18,supervised_similarity_baselines_tfidf_kfold_surface_chaudhuri_Surprise.csv
tfidf,score_pref_struct,score_pref_struct,none,0.29940124787489936,0.07607061366926005,36,123,18,supervised_similarity_baselines_tfidf_kfold_surface_chaudhuri_Surprise.csv
tfidf,score_pref_struct,score_pref_struct,other_human_targets,0.20437580437580435,0.23183367345925585,36,123,18,supervised_similarity_baselines_tfidf_kfold_surface_chaudhuri_Surprise.csv
tfidf,score_pref_struct,score_pref_struct,other_human_plus_surface,0.11377091377091379,0.508814453375899,36,123,18,supervised_similarity_baselines_tfidf_kfold_surface_chaudhuri_Surprise.csv
tfidf,score_pref_raw,score_pref_raw,none,0.3330114524750494,0.047188268911655264,36,123,19,supervised_similarity_baselines_tfidf_kfold_surface_chaudhuri_Surprise.csv
tfidf,score_pref_raw,score_pref_raw,other_human_targets,0.3343629343629344,0.046244176700315616,36,123,19,supervised_similarity_baselines_tfidf_kfold_surface_chaudhuri_Surprise.csv
tfidf,score_pref_raw,score_pref_raw,other_human_plus_surface,0.28005148005148006,0.09806684468519383,36,123,19,supervised_similarity_baselines_tfidf_kfold_surface_chaudhuri_Surprise.csv
tfidf,score_pref_struct,score_pref_struct,none,0.10083061380044997,0.5584621803721632,36,123,19,supervised_similarity_baselines_tfidf_kfold_surface_chaudhuri_Surprise.csv
tfidf,score_pref_struct,score_pref_struct,other_human_targets,0.17657657657657658,0.30291975693321305,36,123,19,supervised_similarity_baselines_tfidf_kfold_surface_chaudhuri_Surprise.csv
tfidf,score_pref_struct,score_pref_struct,other_human_plus_surface,0.16344916344916346,0.3408378714688599,36,123,19,supervised_similarity_baselines_tfidf_kfold_surface_chaudhuri_Surprise.csv
tfidf,score_pref_raw,score_pref_raw,none,0.3030069403224251,0.07243461104196615,36,123,20,supervised_similarity_baselines_tfidf_kfold_surface_chaudhuri_Surprise.csv
tfidf,score_pref_raw,score_pref_raw,other_human_targets,0.25662805662805666,0.13082443024378115,36,123,20,supervised_similarity_baselines_tfidf_kfold_surface_chaudhuri_Surprise.csv
tfidf,score_pref_raw,score_pref_raw,other_human_plus_surface,0.11660231660231662,0.49825422757313215,36,123,20,supervised_similarity_baselines_tfidf_kfold_surface_chaudhuri_Surprise.csv
tfidf,score_pref_struct,score_pref_struct,none,0.26205657609695493,0.12259498448645798,36,123,20,supervised_similarity_baselines_tfidf_kfold_surface_chaudhuri_Surprise.csv
tfidf,score_pref_struct,score_pref_struct,other_human_targets,0.18738738738738742,0.2737906986994741,36,123,20,supervised_similarity_baselines_tfidf_kfold_surface_chaudhuri_Surprise.csv
tfidf,score_pref_struct,score_pref_struct,other_human_plus_surface,0.22676962676962678,0.18351739032589706,36,123,20,supervised_similarity_baselines_tfidf_kfold_surface_chaudhuri_Surprise.csv
tfidf,score_pref_raw,score_pref_raw,none,0.10044428960964366,0.559978196574001,36,123,21,supervised_similarity_baselines_tfidf_kfold_surface_chaudhuri_Surprise.csv
tfidf,score_pref_raw,score_pref_raw,other_human_targets,0.21287001287001286,0.21258440473238427,36,123,21,supervised_similarity_baselines_tfidf_kfold_surface_chaudhuri_Surprise.csv
tfidf,score_pref_raw,score_pref_raw,other_human_plus_surface,0.11557271557271558,0.5020813779631956,36,123,21,supervised_similarity_baselines_tfidf_kfold_surface_chaudhuri_Surprise.csv
tfidf,score_pref_struct,score_pref_struct,none,0.14590176939452087,0.3958407594491653,36,123,21,supervised_similarity_baselines_tfidf_kfold_surface_chaudhuri_Surprise.csv
tfidf,score_pref_struct,score_pref_struct,other_human_targets,0.09961389961389963,0.5632432532963942,36,123,21,supervised_similarity_baselines_tfidf_kfold_surface_chaudhuri_Surprise.csv
tfidf,score_pref_struct,score_pref_struct,other_human_plus_surface,0.10424710424710425,0.5451387784571021,36,123,21,supervised_similarity_baselines_tfidf_kfold_surface_chaudhuri_Surprise.csv
tfidf,score_pref_raw,score_pref_raw,none,0.1486060387301651,0.38704641086081076,36,202,17,supervised_similarity_baselines_tfidf_kfold_surface_chaudhuri_Surprise.csv
tfidf,score_pref_raw,score_pref_raw,other_human_targets,0.2676962676962677,0.11446102111519438,36,202,17,supervised_similarity_baselines_tfidf_kfold_surface_chaudhuri_Surprise.csv
tfidf,score_pref_raw,score_pref_raw,other_human_plus_surface,0.26203346203346206,0.12262918545376046,36,202,17,supervised_similarity_baselines_tfidf_kfold_surface_chaudhuri_Surprise.csv
tfidf,score_pref_struct,score_pref_struct,none,0.152082956447422,0.37590829944078663,36,202,17,supervised_similarity_baselines_tfidf_kfold_surface_chaudhuri_Surprise.csv
tfidf,score_pref_struct,score_pref_struct,other_human_targets,0.17271557271557272,0.31378257283456445,36,202,17,supervised_similarity_baselines_tfidf_kfold_surface_chaudhuri_Surprise.csv
tfidf,score_pref_struct,score_pref_struct,other_human_plus_surface,0.18661518661518664,0.27580847802458214,36,202,17,supervised_similarity_baselines_tfidf_kfold_surface_chaudhuri_Surprise.csv
tfidf,score_pref_raw,score_pref_raw,none,0.12066192226184118,0.4833098776283285,36,202,18,supervised_similarity_baselines_tfidf_kfold_surface_chaudhuri_Surprise.csv
tfidf,score_pref_raw,score_pref_raw,other_human_targets,0.08391248391248392,0.6265658790904861,36,202,18,supervised_similarity_baselines_tfidf_kfold_surface_chaudhuri_Surprise.csv
tfidf,score_pref_raw,score_pref_raw,other_human_plus_surface,0.004118404118404119,0.9809814977355094,36,202,18,supervised_similarity_baselines_tfidf_kfold_surface_chaudhuri_Surprise.csv
tfidf,score_pref_struct,score_pref_struct,none,0.10237591056367529,0.5524172452112186,36,202,18,supervised_similarity_baselines_tfidf_kfold_surface_chaudhuri_Surprise.csv
tfidf,score_pref_struct,score_pref_struct,other_human_targets,-0.040154440154440155,0.8161360457827165,36,202,18,supervised_similarity_baselines_tfidf_kfold_surface_chaudhuri_Surprise.csv
tfidf,score_pref_struct,score_pref_struct,other_human_plus_surface,-0.027799227799227798,0.872140817105045,36,202,18,supervised_similarity_baselines_tfidf_kfold_surface_chaudhuri_Surprise.csv
tfidf,score_pref_raw,score_pref_raw,none,0.09194515741190458,0.5938027529542061,36,202,19,supervised_similarity_baselines_tfidf_kfold_surface_chaudhuri_Surprise.csv
tfidf,score_pref_raw,score_pref_raw,other_human_targets,0.13976833976833977,0.41620878643404613,36,202,19,supervised_similarity_baselines_tfidf_kfold_surface_chaudhuri_Surprise.csv
tfidf,score_pref_raw,score_pref_raw,other_human_plus_surface,-0.008236808236808238,0.9619733149498322,36,202,19,supervised_similarity_baselines_tfidf_kfold_surface_chaudhuri_Surprise.csv
tfidf,score_pref_struct,score_pref_struct,none,0.052411315219390985,0.7614490578122123,36,202,19,supervised_similarity_baselines_tfidf_kfold_surface_chaudhuri_Surprise.csv
tfidf,score_pref_struct,score_pref_struct,other_human_targets,0.09395109395109397,0.5857395259429639,36,202,19,supervised_similarity_baselines_tfidf_kfold_surface_chaudhuri_Surprise.csv
tfidf,score_pref_struct,score_pref_struct,other_human_plus_surface,0.09395109395109397,0.5857395259429639,36,202,19,supervised_similarity_baselines_tfidf_kfold_surface_chaudhuri_Surprise.csv
tfidf,score_pref_raw,score_pref_raw,none,0.053055188870734855,0.7586050079551332,36,202,20,supervised_similarity_baselines_tfidf_kfold_surface_chaudhuri_Surprise.csv
tfidf,score_pref_raw,score_pref_raw,other_human_targets,0.006692406692406694,0.9690995196112221,36,202,20,supervised_similarity_baselines_tfidf_kfold_surface_chaudhuri_Surprise.csv
tfidf,score_pref_raw,score_pref_raw,other_human_plus_surface,-0.03835263835263836,0.8242545635746613,36,202,20,supervised_similarity_baselines_tfidf_kfold_surface_chaudhuri_Surprise.csv
tfidf,score_pref_struct,score_pref_struct,none,0.15259805536849708,0.3742744449660232,36,202,20,supervised_similarity_baselines_tfidf_kfold_surface_chaudhuri_Surprise.csv
tfidf,score_pref_struct,score_pref_struct,other_human_targets,0.11119691119691119,0.5185109041708881,36,202,20,supervised_similarity_baselines_tfidf_kfold_surface_chaudhuri_Surprise.csv
tfidf,score_pref_struct,score_pref_struct,other_human_plus_surface,0.10141570141570141,0.5561698098384398,36,202,20,supervised_similarity_baselines_tfidf_kfold_surface_chaudhuri_Surprise.csv
tfidf,score_pref_raw,score_pref_raw,none,-0.10598160301120094,0.5384329003837623,36,202,21,supervised_similarity_baselines_tfidf_kfold_surface_chaudhuri_Surprise.csv
tfidf,score_pref_raw,score_pref_raw,other_human_targets,-0.055083655083655085,0.7496656174584986,36,202,21,supervised_similarity_baselines_tfidf_kfold_surface_chaudhuri_Surprise.csv
tfidf,score_pref_raw,score_pref_raw,other_human_plus_surface,-0.09523809523809525,0.5805918994474979,36,202,21,supervised_similarity_baselines_tfidf_kfold_surface_chaudhuri_Surprise.csv
tfidf,score_pref_struct,score_pref_struct,none,0.004635890289675861,0.9785922999842961,36,202,21,supervised_similarity_baselines_tfidf_kfold_surface_chaudhuri_Surprise.csv
tfidf,score_pref_struct,score_pref_struct,other_human_targets,0.05302445302445303,0.7587407005013114,36,202,21,supervised_similarity_baselines_tfidf_kfold_surface_chaudhuri_Surprise.csv
tfidf,score_pref_struct,score_pref_struct,other_human_plus_surface,0.12535392535392537,0.4663315937580871,36,202,21,supervised_similarity_baselines_tfidf_kfold_surface_chaudhuri_Surprise.csv
tfidf,score_pref_raw,score_pref_raw,none,0.23630163004320012,0.16528510234752594,36,303,17,supervised_similarity_baselines_tfidf_kfold_surface_chaudhuri_Surprise.csv
tfidf,score_pref_raw,score_pref_raw,other_human_targets,0.21570141570141574,0.20642045593291874,36,303,17,supervised_similarity_baselines_tfidf_kfold_surface_chaudhuri_Surprise.csv
tfidf,score_pref_raw,score_pref_raw,other_human_plus_surface,0.24736164736164734,0.14580633708562774,36,303,17,supervised_similarity_baselines_tfidf_kfold_surface_chaudhuri_Surprise.csv
tfidf,score_pref_struct,score_pref_struct,none,0.27622179642652006,0.10294415095072894,36,303,17,supervised_similarity_baselines_tfidf_kfold_surface_chaudhuri_Surprise.csv
tfidf,score_pref_struct,score_pref_struct,other_human_targets,0.24401544401544406,0.151513340645045,36,303,17,supervised_similarity_baselines_tfidf_kfold_surface_chaudhuri_Surprise.csv
tfidf,score_pref_struct,score_pref_struct,other_human_plus_surface,0.27773487773487776,0.10099561474261205,36,303,17,supervised_similarity_baselines_tfidf_kfold_surface_chaudhuri_Surprise.csv
tfidf,score_pref_raw,score_pref_raw,none,0.1853068368567657,0.2792492861681142,36,303,18,supervised_similarity_baselines_tfidf_kfold_surface_chaudhuri_Surprise.csv
tfidf,score_pref_raw,score_pref_raw,other_human_targets,0.21184041184041183,0.21485699148950368,36,303,18,supervised_similarity_baselines_tfidf_kfold_surface_chaudhuri_Surprise.csv
tfidf,score_pref_raw,score_pref_raw,other_human_plus_surface,0.17915057915057916,0.29581224435318376,36,303,18,supervised_similarity_baselines_tfidf_kfold_surface_chaudhuri_Surprise.csv
tfidf,score_pref_struct,score_pref_struct,none,0.08872578915518525,0.6068438808884806,36,303,18,supervised_similarity_baselines_tfidf_kfold_surface_chaudhuri_Surprise.csv
tfidf,score_pref_struct,score_pref_struct,other_human_targets,0.1770913770913771,0.30148965246543535,36,303,18,supervised_similarity_baselines_tfidf_kfold_surface_chaudhuri_Surprise.csv
tfidf,score_pref_struct,score_pref_struct,other_human_plus_surface,0.2272844272844273,0.18249781170985652,36,303,18,supervised_similarity_baselines_tfidf_kfold_surface_chaudhuri_Surprise.csv
tfidf,score_pref_raw,score_pref_raw,none,0.31549808915849614,0.060879087222422114,36,303,19,supervised_similarity_baselines_tfidf_kfold_surface_chaudhuri_Surprise.csv
tfidf,score_pref_raw,score_pref_raw,other_human_targets,0.26409266409266413,0.11961010557733959,36,303,19,supervised_similarity_baselines_tfidf_kfold_surface_chaudhuri_Surprise.csv
tfidf,score_pref_raw,score_pref_raw,other_human_plus_surface,0.19613899613899616,0.25159653911382446,36,303,19,supervised_similarity_baselines_tfidf_kfold_surface_chaudhuri_Surprise.csv
tfidf,score_pref_struct,score_pref_struct,none,0.17178549017854441,0.3164354532156238,36,303,19,supervised_similarity_baselines_tfidf_kfold_surface_chaudhuri_Surprise.csv
tfidf,score_pref_struct,score_pref_struct,other_human_targets,0.21492921492921493,0.20808909877348128,36,303,19,supervised_similarity_baselines_tfidf_kfold_surface_chaudhuri_Surprise.csv
tfidf,score_pref_struct,score_pref_struct,other_human_plus_surface,0.27953667953667954,0.09871201504956567,36,303,19,supervised_similarity_baselines_tfidf_kfold_surface_chaudhuri_Surprise.csv
tfidf,score_pref_raw,score_pref_raw,none,0.3709999979043377,0.02590623107853442,36,303,20,supervised_similarity_baselines_tfidf_kfold_surface_chaudhuri_Surprise.csv
tfidf,score_pref_raw,score_pref_raw,other_human_targets,0.2790218790218791,0.09936041630561791,36,303,20,supervised_similarity_baselines_tfidf_kfold_surface_chaudhuri_Surprise.csv
tfidf,score_pref_raw,score_pref_raw,other_human_plus_surface,0.17297297297297298,0.3130508649525435,36,303,20,supervised_similarity_baselines_tfidf_kfold_surface_chaudhuri_Surprise.csv
tfidf,score_pref_struct,score_pref_struct,none,0.09799756973453697,0.5696236098999653,36,303,20,supervised_similarity_baselines_tfidf_kfold_surface_chaudhuri_Surprise.csv
tfidf,score_pref_struct,score_pref_struct,other_human_targets,-0.020077220077220077,0.9074753939775939,36,303,20,supervised_similarity_baselines_tfidf_kfold_surface_chaudhuri_Surprise.csv
tfidf,score_pref_struct,score_pref_struct,other_human_plus_surface,-0.030373230373230378,0.8604131747327077,36,303,20,supervised_similarity_baselines_tfidf_kfold_surface_chaudhuri_Surprise.csv
tfidf,score_pref_raw,score_pref_raw,none,0.29309128609172946,0.08277397632430412,36,303,21,supervised_similarity_baselines_tfidf_kfold_surface_chaudhuri_Surprise.csv
tfidf,score_pref_raw,score_pref_raw,other_human_targets,0.2097812097812098,0.21945220076231026,36,303,21,supervised_similarity_baselines_tfidf_kfold_surface_chaudhuri_Surprise.csv
tfidf,score_pref_raw,score_pref_raw,other_human_plus_surface,0.19819819819819823,0.24655386578161148,36,303,21,supervised_similarity_baselines_tfidf_kfold_surface_chaudhuri_Surprise.csv
tfidf,score_pref_struct,score_pref_struct,none,0.19766921096256795,0.24784277011420264,36,303,21,supervised_similarity_baselines_tfidf_kfold_surface_chaudhuri_Surprise.csv
tfidf,score_pref_struct,score_pref_struct,other_human_targets,0.2682110682110682,0.11373925401570759,36,303,21,supervised_similarity_baselines_tfidf_kfold_surface_chaudhuri_Surprise.csv
tfidf,score_pref_struct,score_pref_struct,other_human_plus_surface,0.34465894465894464,0.039539966222733716,36,303,21,supervised_similarity_baselines_tfidf_kfold_surface_chaudhuri_Surprise.csv
tfidf,score_pref_raw,score_pref_raw,none,0.17770912777090803,0.29977923151269203,36,404,17,supervised_similarity_baselines_tfidf_kfold_surface_chaudhuri_Surprise.csv
tfidf,score_pref_raw,score_pref_raw,other_human_targets,0.19099099099099098,0.2645020558178084,36,404,17,supervised_similarity_baselines_tfidf_kfold_surface_chaudhuri_Surprise.csv
tfidf,score_pref_raw,score_pref_raw,other_human_plus_surface,0.1500643500643501,0.382351587840411,36,404,17,supervised_similarity_baselines_tfidf_kfold_surface_chaudhuri_Surprise.csv
tfidf,score_pref_struct,score_pref_struct,none,0.18170114440923998,0.28887551900229996,36,404,17,supervised_similarity_baselines_tfidf_kfold_surface_chaudhuri_Surprise.csv
tfidf,score_pref_struct,score_pref_struct,other_human_targets,0.11325611325611327,0.5107464541757045,36,404,17,supervised_similarity_baselines_tfidf_kfold_surface_chaudhuri_Surprise.csv
tfidf,score_pref_struct,score_pref_struct,other_human_plus_surface,0.21003861003861007,0.21887414463931776,36,404,17,supervised_similarity_baselines_tfidf_kfold_surface_chaudhuri_Surprise.csv
tfidf,score_pref_raw,score_pref_raw,none,0.09258903106324845,0.5912093023454428,36,404,18,supervised_similarity_baselines_tfidf_kfold_surface_chaudhuri_Surprise.csv
tfidf,score_pref_raw,score_pref_raw,other_human_targets,0.06563706563706564,0.7036972726769488,36,404,18,supervised_similarity_baselines_tfidf_kfold_surface_chaudhuri_Surprise.csv
tfidf,score_pref_raw,score_pref_raw,other_human_plus_surface,-0.005148005148005148,0.9762280817082978,36,404,18,supervised_similarity_baselines_tfidf_kfold_surface_chaudhuri_Surprise.csv
tfidf,score_pref_struct,score_pref_struct,none,0.15092398387500305,0.37959981502935775,36,404,18,supervised_similarity_baselines_tfidf_kfold_surface_chaudhuri_Surprise.csv
tfidf,score_pref_struct,score_pref_struct,other_human_targets,0.1850707850707851,0.27987303013997533,36,404,18,supervised_similarity_baselines_tfidf_kfold_surface_chaudhuri_Surprise.csv
tfidf,score_pref_struct,score_pref_struct,other_human_plus_surface,0.26640926640926643,0.11628049382714263,36,404,18,supervised_similarity_baselines_tfidf_kfold_surface_chaudhuri_Surprise.csv
tfidf,score_pref_raw,score_pref_raw,none,0.1762926057379515,0.3037104619747982,36,404,19,supervised_similarity_baselines_tfidf_kfold_surface_chaudhuri_Surprise.csv
tfidf,score_pref_raw,score_pref_raw,other_human_targets,0.12380952380952381,0.4718849075214126,36,404,19,supervised_similarity_baselines_tfidf_kfold_surface_chaudhuri_Surprise.csv
tfidf,score_pref_raw,score_pref_raw,other_human_plus_surface,0.07953667953667955,0.6447197878273412,36,404,19,supervised_similarity_baselines_tfidf_kfold_surface_chaudhuri_Surprise.csv
tfidf,score_pref_struct,score_pref_struct,none,0.19766921096256795,0.24784277011420264,36,404,19,supervised_similarity_baselines_tfidf_kfold_surface_chaudhuri_Surprise.csv
tfidf,score_pref_struct,score_pref_struct,other_human_targets,0.16833976833976835,0.32638577135635183,36,404,19,supervised_similarity_baselines_tfidf_kfold_surface_chaudhuri_Surprise.csv
tfidf,score_pref_struct,score_pref_struct,other_human_plus_surface,0.2460746460746461,0.14798243866375738,36,404,19,supervised_similarity_baselines_tfidf_kfold_surface_chaudhuri_Surprise.csv
tfidf,score_pref_raw,score_pref_raw,none,0.06876570596352528,0.6902576919027005,36,404,20,supervised_similarity_baselines_tfidf_kfold_surface_chaudhuri_Surprise.csv
tfidf,score_pref_raw,score_pref_raw,other_human_targets,0.11943371943371943,0.487806500018989,36,404,20,supervised_similarity_baselines_tfidf_kfold_surface_chaudhuri_Surprise.csv
tfidf,score_pref_raw,score_pref_raw,other_human_plus_surface,-0.012870012870012871,0.9406142725550756,36,404,20,supervised_similarity_baselines_tfidf_kfold_surface_chaudhuri_Surprise.csv
tfidf,score_pref_struct,score_pref_struct,none,0.09941409176749348,0.5640301954803405,36,404,20,supervised_similarity_baselines_tfidf_kfold_surface_chaudhuri_Surprise.csv
tfidf,score_pref_struct,score_pref_struct,other_human_targets,0.15752895752895751,0.35884720788415964,36,404,20,supervised_similarity_baselines_tfidf_kfold_surface_chaudhuri_Surprise.csv
tfidf,score_pref_struct,score_pref_struct,other_human_plus_surface,0.2164736164736165,0.20476111504809613,36,404,20,supervised_similarity_baselines_tfidf_kfold_surface_chaudhuri_Surprise.csv
tfidf,score_pref_raw,score_pref_raw,none,0.08473377251685325,0.6231821344266903,36,404,21,supervised_similarity_baselines_tfidf_kfold_surface_chaudhuri_Surprise.csv
tfidf,score_pref_raw,score_pref_raw,other_human_targets,0.14646074646074647,0.39401356676755306,36,404,21,supervised_similarity_baselines_tfidf_kfold_surface_chaudhuri_Surprise.csv
tfidf,score_pref_raw,score_pref_raw,other_human_plus_surface,0.048391248391248386,0.7792743661160518,36,404,21,supervised_similarity_baselines_tfidf_kfold_surface_chaudhuri_Surprise.csv
tfidf,score_pref_struct,score_pref_struct,none,0.03966261692278237,0.8183502596832949,36,404,21,supervised_similarity_baselines_tfidf_kfold_surface_chaudhuri_Surprise.csv
tfidf,score_pref_struct,score_pref_struct,other_human_targets,0.07361647361647362,0.6696049031913537,36,404,21,supervised_similarity_baselines_tfidf_kfold_surface_chaudhuri_Surprise.csv
tfidf,score_pref_struct,score_pref_struct,other_human_plus_surface,0.17992277992277994,0.2937009596443826,36,404,21,supervised_similarity_baselines_tfidf_kfold_surface_chaudhuri_Surprise.csv
